gouvernement;111;60;20;52
plan;64;90;58;34
français;65;64;42;33
europe;35;135;8;6
allemand;43;103;17;14
pays;56;62;57;5
communauté;76;71;12;6
schuman;56;74;7;40
autorité;95;16;31;20
haut;91;12;32;24
allemagne;31;113;13;2
charbon;88;6;47;4
france;26;74;39;2
commun;74;25;29;10
mettre;41;35;33;29
acier;80;6;40;7
question;40;29;11;51
conseil;62;26;10;18
état;32;39;27;24
traiter;74;19;3;28
prendre;49;36;16;22
européen;37;65;12;3
assemblée;71;12;0;11
politique;29;61;9;8
président;12;3;2;91
accord;72;9;11;10
ministre;41;4;12;38
comité;28;24;5;36
nécessaire;34;18;33;18
voir;21;33;13;29
donner;29;27;18;24
demander;37;12;12;32
permettre;19;21;38;13
projet;24;3;5;50
national;20;40;17;6
production;11;5;55;5
délégation;34;8;1;36
base;11;22;45;5
américain;13;22;24;18
cours;16;16;10;40
marché;19;3;51;1
condition;21;23;26;6
général;20;17;24;12
défense;8;55;8;2
premier;17;23;15;20
part;18;22;15;13
institution;38;19;6;3
unir;6;38;15;14
économique;22;25;19;7
grand;7;47;10;7
essentiel;18;35;14;5
création;17;31;20;1
représentant;45;3;0;19
membre;49;8;2;9
industrie;13;6;34;5
ensemble;21;28;19;3
disposition;33;0;12;25
rapport;24;12;9;20
proposer;21;17;10;20
conversation;9;2;3;53
possible;13;17;30;10
actuel;14;28;18;9
concerner;27;10;14;13
monnet;0;2;2;61
effort;2;36;18;2
article;39;1;13;4
remettre;6;7;7;40
organisation;27;26;8;0
aller;10;30;7;16
accepter;18;28;4;11
ouest;2;51;1;2
programme;5;9;39;3
développement;5;23;30;1
action;21;26;5;3
travail;15;8;13;20
assurer;7;12;29;11
problème;7;41;2;6
entreprise;10;10;32;3
décision;27;14;4;11
position;26;14;4;9
négociation;22;23;5;6
mesure;29;5;11;9
discussion;16;11;4;23
situation;10;25;13;6
temps;10;21;19;3
partie;22;13;11;4
effet;21;14;9;8
force;3;34;11;1
conférence;23;5;0;23
établir;18;13;10;10
tenir;13;8;9;21
jour;9;13;4;23
réalisation;3;26;14;4
prix;6;1;37;1
apporter;4;23;9;12
réunion;13;4;1;28
proposition;11;27;3;7
jean;0;2;2;45
délégué;31;3;1;9
cher;1;1;1;46
moyen;8;15;20;3
lettre;10;0;0;36
contribution;2;27;16;2
agir;19;13;8;5
ressource;0;2;41;1
rendre;8;19;14;6
indispensable;9;18;16;4
venir;3;14;10;19
seulement;15;17;9;5
mémorandum;7;2;4;24
militaire;2;31;11;1
dernier;8;8;9;20
activité;5;3;32;0
ruhr;34;3;1;3
prévoir;15;7;22;1
lieu;10;14;3;15
financement;1;2;39;1
modernisation;1;0;38;4
forme;7;24;8;5
sidérurgie;15;2;10;10
objet;15;11;7;9
nouveau;6;23;9;4
poursuivre;8;26;4;3
fédéral;26;6;0;9
comprendre;13;16;5;7
relation;14;18;4;4
relatif;26;4;5;6
affaire;10;10;3;16
soumettre;12;3;6;19
particulier;15;8;11;5
parlement;30;4;2;3
objectif;5;19;13;1
année;3;6;26;3
réponse;8;14;0;14
participation;9;24;2;2
conséquence;17;9;10;2
solution;5;27;4;0
intérêt;21;4;6;5
difficulté;12;12;10;3
réaliser;12;7;17;0
public;1;16;15;4
penser;5;16;3;13
participer;11;17;4;5
sarre;22;4;0;6
moment;3;24;3;6
initiative;5;22;5;4
important;3;9;14;9
également;8;10;5;11
terme;13;12;7;1
statut;22;10;0;2
recommandation;14;12;5;0
raison;7;11;6;11
principe;18;11;1;5
investissement;3;0;30;0
financier;2;6;23;1
engager;10;12;12;1
compte;12;5;14;4
charger;9;5;20;1
application;24;4;6;1
technique;7;7;15;5
obtenir;8;9;10;7
créer;4;21;5;2
caisse;0;1;28;0
cadre;6;24;2;0
bretagne;2;26;2;1
aide;1;3;24;4
étranger;6;3;8;15
trouver;7;13;10;3
prochain;5;6;9;13
fin;13;9;6;5
exécution;8;3;16;3
atlantique;3;26;0;3
service;4;11;8;7
international;15;13;1;3
besoin;1;4;24;2
aboutir;11;11;8;2
période;2;2;25;0
opinion;3;16;3;6
observation;0;1;2;25
fixer;12;5;10;3
commission;13;3;1;14
chancelier;12;4;1;14
régler;10;10;4;4
possibilité;4;11;10;5
ordre;9;3;7;9
niveau;2;3;22;0
indiquer;8;7;6;8
convenir;4;4;1;21
texte;7;1;3;18
territoire;23;1;3;0
suivant;10;9;5;5
suite;6;3;4;16
peuple;8;18;1;0
oeuvre;14;4;7;4
manière;2;10;12;5
hallstein;5;1;0;23
fois;6;7;12;2
conclusion;16;8;0;5
souveraineté;12;14;2;0
réarmement;1;24;2;0
pied;8;15;4;0
note;4;3;4;15
montrer;2;14;10;2
intéresser;14;0;7;7
informer;4;2;0;21
exposer;5;4;3;15
envisager;12;10;5;1
document;3;0;2;21
consultatif;24;2;1;0
connaître;6;8;2;11
cas;15;3;1;8
adresser;5;4;3;16
seul;1;14;11;0
pratique;6;2;18;1
paix;4;21;2;0
organisme;17;7;2;0
esprit;2;15;3;7
éviter;8;11;5;2
unique;4;7;13;0
sentiment;0;6;2;17
rester;6;9;5;5
pari;6;2;1;16
mois;8;6;9;1
italien;15;2;2;5
fonction;15;7;1;2
expert;3;2;1;19
armée;0;21;1;0
sujet;5;5;1;12
snyder;0;0;0;22
résulter;10;2;11;2
résultat;4;6;10;5
recevoir;3;3;7;11
nécessité;5;10;10;0
guerre;0;16;6;0
déclaration;6;11;1;6
décider;12;4;2;7
crédit;1;1;21;0
cour;19;0;0;5
coopération;8;9;5;3
actuellement;6;12;1;6
élaboration;9;7;2;6
règlement;11;9;1;2
rapidement;2;8;6;8
progrès;0;9;13;1
mai;4;13;0;7
intervenir;18;0;5;0
importance;12;7;4;1
envoyer;0;0;0;23
droit;6;3;10;1
belge;5;3;10;4
rôle;11;5;4;1
propre;5;7;9;2
producteur;7;1;15;0
nouvelle;10;8;3;2
notamment;2;3;15;3
janvier;4;2;6;8
groupe;8;4;1;8
constituer;9;9;3;2
cause;6;4;5;8
association;1;13;8;1
étude;4;7;9;1
établissement;8;5;8;1
vie;2;3;15;0
tâche;3;6;8;5
tonne;0;0;7;5
souhaiter;3;7;1;11
répondre;2;5;3;12
représenter;9;7;5;1
parvenir;3;4;1;13
occidental;1;18;2;0
nato;6;10;0;2
milliard;0;0;16;0
laisser;3;16;0;2
dépense;1;0;19;1
disposer;5;5;11;1
constitution;4;14;1;2
atteindre;2;4;16;0
adenauer;6;3;1;12
union;3;13;2;1
strasbourg;8;8;1;2
semaine;6;3;0;12
réunir;9;2;0;8
présent;5;8;4;3
partir;1;9;1;9
occasion;4;6;2;9
nombre;11;4;1;3
modification;4;2;1;13
fonds;1;1;17;2
déconcentration;13;0;2;4
domaine;17;3;1;0
date;8;2;3;5
continuer;4;8;4;5
cartel;11;0;9;0
caractère;11;2;3;5
avis;9;6;3;3
avenir;7;13;1;0
amérique;0;11;4;4
allié;8;11;0;1
unité;2;13;3;2
système;10;4;6;0
sarrois;15;2;0;0
responsabilité;11;2;4;3
reconnaître;3;6;7;4
rappeler;6;6;3;5
présenter;9;3;2;6
personnel;2;2;2;12
passer;0;9;10;1
particulièrement;3;7;5;5
méthode;4;7;6;2
loi;11;0;5;3
limite;8;2;8;2
fonctionnement;9;4;5;0
expliquer;3;3;2;12
exercer;14;4;2;0
entrée;13;1;4;1
entretien;1;5;1;10
délai;7;3;7;3
continental;1;17;0;0
attendre;6;1;6;7
approvisionnement;4;2;12;2
washington;2;6;0;10
terminer;5;5;0;9
signature;12;1;1;4
sentir;3;7;4;4
répartition;8;1;9;0
recommander;3;5;9;1
préparer;4;6;0;9
paraître;2;8;5;4
matériel;0;7;12;0
finance;1;0;14;4
exiger;4;6;9;0
développer;0;10;7;2
discuter;3;2;0;14
différent;3;5;8;2
contrôle;8;5;6;0
contribuer;1;9;8;1
confier;15;1;0;2
affecter;2;2;14;1
vente;14;0;0;0
soir;0;1;1;16
sein;3;11;2;2
relèvement;0;2;12;4
poser;2;10;2;4
placer;6;5;6;1
maintenir;3;4;8;3
final;11;1;1;5
face;2;8;8;0
empêcher;4;10;2;2
début;8;4;1;5
copie;0;0;0;17
assurance;1;1;5;11
annexe;11;1;1;4
ajouter;0;5;7;6
éliminer;3;9;4;0
économie;6;2;9;0
voie;0;12;3;2
transitoire;3;0;1;12
suivre;4;6;1;6
suggérer;4;4;2;7
rapide;3;7;5;2
préparation;2;10;1;3
participant;9;2;6;0
opération;4;2;10;0
modifier;8;6;2;0
mission;8;1;7;1
matin;2;0;0;15
liaison;15;0;0;1
intégration;2;13;1;0
herter;0;1;0;14
fournir;3;3;9;2
fondamental;1;6;9;1
examiner;5;3;0;9
estimer;6;5;2;3
désigner;11;1;0;4
direct;7;3;6;1
convention;10;0;0;5
concentration;8;0;7;0
chef;2;4;0;11
apparaître;0;11;5;1
évident;2;13;1;0
équipement;0;3;13;0
titre;4;1;2;8
sécurité;0;5;11;0
résolution;3;5;6;2
règle;10;1;2;0
prêt;3;4;5;4
préoccupation;1;7;3;4
prier;1;0;0;15
ouvrir;6;3;4;3
octobre;6;3;3;4
monde;0;10;5;1
long;1;2;10;2
juillet;6;0;2;4
immédiatement;2;3;3;8
immédiat;0;9;5;1
faciliter;2;4;9;1
exécutif;12;2;0;2
emprunt;0;0;14;0
effectif;2;9;5;0
définir;5;9;1;1
danger;3;12;1;0
commande;0;0;15;0
charbonnage;2;0;10;3
attirer;7;2;5;2
appeler;8;1;3;3
volonté;1;8;6;0
veiller;7;1;6;1
utiliser;4;1;8;1
utile;3;2;1;9
travailleur;4;0;11;0
séparer;5;8;1;0
supranational;13;2;0;0
supplémentaire;5;1;6;3
sembler;2;6;5;2
rédaction;2;0;1;11
rythme;0;1;13;0
reconnaissant;0;1;2;12
préciser;9;1;4;1
procédure;9;2;3;1
place;6;5;3;1
permanent;1;6;6;1
parler;1;6;1;7
nature;6;5;3;1
mentir;4;4;5;2
mccloy;6;0;0;9
matière;8;1;5;1
luxembourgeois;4;0;1;8
libre;2;12;0;1
instruction;6;0;1;8
instituer;7;0;5;2
information;0;1;9;5
guindey;0;0;0;15
grave;6;1;2;6
expérience;5;4;6;0
exprimer;7;3;0;5
examen;3;2;0;10
etc;0;4;9;1
espérer;0;6;1;8
engagement;5;5;4;0
déterminer;4;6;5;0
dépendre;1;5;9;0
décret;5;0;4;5
division;0;13;2;0
confirmer;6;2;2;5
concurrence;2;1;12;0
clause;8;0;3;3
aider;0;6;8;1
agricole;1;2;11;1
égard;3;4;4;3
échange;5;2;4;3
tarif;4;1;5;0
supranationale;7;7;0;0
suggestion;4;6;2;2
succès;2;5;2;4
social;6;3;5;0
révision;2;8;3;0
réserve;2;1;7;2
réel;2;10;2;0
risque;1;13;0;0
rechercher;2;11;1;0
organiser;4;7;1;1
obstacle;6;2;5;1
mener;1;11;1;1
marshall;1;2;9;2
justice;10;0;1;2
juin;2;0;2;9
importation;0;0;14;0
idée;1;10;1;2
entrer;5;6;1;2
déclarer;7;2;0;5
dkv;10;1;0;1
devenir;0;8;4;1
destiner;5;2;4;3
circonstance;6;6;1;1
angleterre;0;12;0;0
absence;4;2;5;3
élément;1;9;3;0
égalité;7;3;2;0
transport;0;0;11;1
transformation;1;3;9;0
spécial;9;0;4;0
soulever;4;4;0;5
sauvegarde;2;1;9;1
revenir;0;2;9;2
responsable;10;1;0;1
porter;4;5;1;3
perspective;1;11;1;0
outre_mer;10;0;2;0
opposition;3;10;0;0
nation;6;5;1;1
midi;0;0;0;12
luxembourg;3;5;0;4
ligne;1;3;3;6
intégrer;4;8;0;1
interlocuteur;4;2;2;5
industriel;5;1;5;2
indochine;0;5;8;0
honneur;1;1;4;7
homme;0;11;2;0
garantie;7;2;4;0
formule;5;5;1;0
fermer;0;5;6;2
fait;1;5;3;4
exportation;0;1;9;0
existence;3;7;3;0
démocratique;2;10;0;0
doute;3;8;0;2
crainte;1;5;7;0
courant;1;2;2;8
connaissance;4;0;1;8
conclure;11;0;2;0
complet;0;1;3;9
changer;0;9;1;1
attitude;1;10;0;2
approuver;8;1;3;1
administration;0;2;8;3
étendre;5;3;3;1
vote;8;1;1;2
transition;2;1;8;0
soutenir;2;6;3;1
sidérurgique;6;0;5;0
servir;2;3;7;0
réserver;4;1;1;6
réorganisation;4;4;0;3
régime;7;3;0;0
réflexion;3;5;0;4
réduction;0;0;10;0
risquer;1;6;3;2
péréquation;2;2;7;0
produit;3;0;9;0
maintien;4;4;4;0
main_d_oeuvre;0;0;12;0
lundi;1;0;0;11
juger;1;5;0;6
joint;5;0;2;5
interministériel;2;0;0;10
insister;6;2;3;1
imposer;5;4;3;0
heure;0;1;4;6
façon;1;2;4;5
exister;1;7;2;1
entretenir;0;1;0;11
dévoué;0;0;0;12
désirer;1;3;2;6
départ;0;2;2;7
débat;8;2;2;0
directement;6;2;2;2
difficile;4;3;5;0
courir;1;7;2;2
contraire;2;6;3;1
continent;1;11;0;0
conformément;8;2;0;2
collaborateur;0;0;0;12
charge;0;2;9;0
bureau;7;0;0;3
budget;0;0;9;2
benelux;3;6;3;0
avril;9;0;0;3
arrêter;1;3;2;6
ami;0;0;1;10
amener;3;8;1;0
agréer;1;0;0;11
1er;7;0;1;3
élargir;2;6;2;1
véritable;1;7;2;1
tiers;2;0;9;0
suppression;3;2;5;0
récent;3;3;1;3
rencontrer;0;5;2;4
reconstruction;0;0;11;0
ration;0;0;0;10
précis;6;3;2;0
profession;1;0;1;8
nom;3;5;0;2
mayer;4;1;0;3
marquer;4;6;1;0
large;0;7;4;0
impossible;2;3;1;5
hirsch;0;0;0;9
finalement;2;3;4;2
entendre;4;4;0;3
détermination;1;7;1;0
définitif;6;4;1;0
décembre;1;0;1;9
douane;2;0;8;0
convaincre;5;4;2;0
contrepartie;0;3;7;0
constant;2;5;3;1
confidentiel;1;0;0;9
compétence;5;3;0;3
communiqué;0;1;0;10
bonn;4;1;0;6
belgique;2;3;6;0
bas;0;2;6;0
augmenter;1;1;4;4
arriver;3;8;0;0
appartenir;1;3;0;7
anglais;1;6;0;4
allocation;0;1;1;8
étroit;4;3;1;2
équilibre;1;3;6;0
élection;4;3;0;2
utilisation;0;0;9;1
télégramme;0;0;0;10
total;0;0;8;1
supérieur;4;0;5;1
soudure;0;1;2;6
session;7;0;0;1
secrétaire;3;1;0;6
salaire;1;0;8;0
réalité;1;8;0;0
ratification;9;0;0;0
puissance;6;3;0;0
prélèvement;1;0;9;0
productivité;0;0;10;0
priorité;0;4;6;0
principal;0;7;2;1
portée;3;2;0;5
parlementaire;6;2;1;1
pacifique;1;9;0;0
naturellement;0;5;0;5
manquer;4;1;1;4
limité;4;1;5;0
limiter;5;1;4;0
jouer;3;5;1;1
italie;5;4;1;0
financer;0;0;10;0
expression;2;2;2;4
expansion;0;3;7;0
essentiellement;3;7;0;0
entraîner;1;4;5;0
eden;1;1;0;8
désir;2;4;0;4
dominer;0;9;0;0
direction;1;7;0;1
couvrir;2;1;5;2
consulter;2;0;1;7
consultation;4;0;6;0
consacrer;1;6;2;1
concret;0;9;1;0
concours;1;0;4;5
composer;9;0;0;1
comporter;0;1;8;1
communication;1;0;0;9
commercial;8;0;0;2
commerce;6;1;1;2
commencer;1;8;0;1
coke;4;0;4;2
chose;0;5;3;1
britannique;3;6;0;1
bref;1;5;4;0
balancer;0;2;8;0
autonome;1;2;7;0
attacher;1;7;1;1
assumer;2;4;2;2
appui;2;3;2;3
achèvement;5;0;2;3
accroître;2;0;8;0
accroissement;0;0;10;0
évolution;3;4;0;2
étape;1;5;3;0
épargner;0;0;9;0
élimination;0;4;5;0
vigueur;8;0;0;1
utilisateur;3;0;6;0
universel;2;5;2;0
uni;2;6;0;1
sûr;1;0;3;5
saisir;1;0;3;5
réadaptation;0;0;8;0
russe;0;9;0;0
robert;0;0;0;9
rené;4;0;0;1
rapporter;0;0;0;9
produire;0;3;5;1
procédé;0;2;7;0
positif;0;9;0;0
nommer;9;0;0;0
nombreux;1;1;5;2
mondial;0;5;2;0
mandat;6;1;0;2
liberté;1;8;0;0
intérieur;2;1;6;0
intervention;2;0;5;2
incident;0;0;0;9
heureux;0;1;0;8
faveur;1;5;2;1
entreprendre;0;5;3;1
efficace;1;8;0;0
douanier;4;1;4;0
contenir;3;4;1;1
constamment;0;8;1;0
conduire;0;5;3;0
compromis;6;3;0;0
compromettre;1;4;3;1
commissaire;0;0;5;3
clairement;1;8;0;0
chiffre;0;5;3;1
changement;2;7;0;0
chambre;4;1;0;3
blé;0;2;1;4
avance;2;2;3;2
augmentation;0;0;8;0
assister;0;0;0;9
août;5;0;0;4
adresse;1;2;0;6
adopter;3;3;1;2
accomplir;0;8;1;0
accompagner;0;2;3;4
événement;1;6;1;0
élaborer;4;3;0;1
viser;4;1;3;0
vertu;7;0;0;0
urgent;0;4;2;2
ultérieur;5;2;1;0
tirer;1;3;4;0
tentation;0;5;3;0
syndical;4;1;0;2
surmonter;0;6;1;1
suffisant;1;4;3;0
soviétique;1;7;0;0
souligner;2;4;1;1
sortir;2;6;0;0
siège;6;2;0;0
simple;3;3;1;1
septembre;3;1;0;4
satisfaisant;2;5;0;1
sage;0;0;4;3
république;6;2;0;0
renforcer;2;5;1;0
remercier;0;0;1;7
reconstitution;0;8;0;0
prononcer;3;3;0;2
procéder;6;0;0;2
privé;2;0;4;1
pleinement;1;3;1;3
orienter;2;3;3;0
opposer;1;4;3;0
offrir;0;1;4;2
obligation;6;1;0;1
mécanique;0;1;7;0
montant;0;0;8;0
minerai;7;0;1;0
mardi;0;1;0;7
livraison;1;2;5;0
limitation;2;4;2;0
lier;3;4;1;0
indépendamment;1;7;0;0
hollandais;3;1;1;2
harriman;4;0;2;2
favorable;1;2;4;1
existant;2;2;4;0
espoir;0;8;0;0
entièrement;4;0;4;0
effectuer;4;1;2;1
détail;1;0;2;5
département;3;0;0;5
décisif;3;3;2;0
dynamique;0;8;0;0
donnée;0;3;1;3
dollar;0;0;6;2
demeurer;2;4;0;2
côté;0;4;4;0
coup;0;2;4;2
cordialement;0;0;0;8
coordination;1;2;3;1
constater;0;4;3;1
consentir;2;4;2;0
conforme;7;0;1;0
commissariat;0;0;7;1
clef;0;0;7;0
choix;5;3;0;0
cesser;1;1;3;3
capital;0;0;7;1
capacité;1;0;6;1
bonnet;0;0;0;8
attribuer;4;1;1;2
armement;0;7;1;0
approbation;3;0;3;2
annuel;0;5;3;0
étudier;0;2;4;1
élire;7;0;0;0
électricité;0;0;7;0
échec;4;2;0;0
écarter;3;1;0;3
york;1;3;0;3
wehrer;0;0;0;7
vivement;2;3;0;2
trésorerie;0;0;1;5
trésor;1;0;5;0
transmettre;1;1;0;5
tcc;0;2;2;3
sérieux;3;2;1;1
série;3;2;1;1
suffire;0;0;5;2
substituer;1;3;3;0
stade;2;2;3;0
sorte;1;1;4;1
réviser;3;1;0;3
réforme;4;2;0;0
réduire;3;0;3;1
retrouver;0;5;2;0
reprise;1;2;1;3
reprendre;1;0;0;6
recueillir;1;1;5;0
pénurie;0;0;7;0
purement;2;1;2;1
présidence;1;0;0;6
protection;0;0;7;0
proposé;2;0;4;1
professionnel;4;0;2;1
presse;1;2;2;2
pratiquement;0;0;6;1
oece;4;1;0;1
new;1;3;0;3
monopole;4;1;2;0
minute;0;2;0;5
milieu;3;1;1;2
mentionner;2;1;0;4
lien;1;5;0;1
inspirer;1;2;1;3
indépendance;3;0;4;0
incompatible;3;2;2;0
ii;3;0;0;4
garantir;4;0;3;0
février;1;0;1;5
formuler;2;1;1;3
fonctionnaire;0;0;0;7
extérieur;0;0;7;0
extension;2;0;4;0
exploitation;0;0;7;0
emploi;0;0;6;0
déficit;0;0;5;0
débouché;0;1;6;0
diriger;2;4;0;1
directeur;2;0;1;4
différence;0;1;6;0
destinée;3;2;1;1
correspondant;2;1;4;0
contractuel;3;0;0;3
contingent;0;0;7;0
consister;4;3;0;0
considération;1;0;1;5
confiance;1;4;0;2
compléter;2;3;1;1
complètement;1;5;0;1
communiquer;0;0;0;7
commandement;0;7;0;0
collectif;5;2;0;0
choisir;7;0;0;0
but;2;4;0;1
avantage;0;4;3;0
auprès_de;1;1;0;5
associer;6;1;0;0
arrangement;1;4;1;1
aron;1;2;2;2
appliquer;4;0;2;1
admettre;3;1;0;3
acquérir;1;0;4;2
acheson;1;2;0;4
acceptation;4;1;1;1
évidemment;1;4;1;0
éventuellement;1;1;1;3
user;1;2;2;1
unification;0;5;1;0
ultérieurement;4;0;1;1
tendre;1;3;2;0
susceptible;0;4;2;0
surplus;1;3;1;1
subsister;3;0;2;1
subordonné;5;0;0;1
stabilité;0;3;3;0
société;2;3;0;1
secteur;1;1;4;0
secrétariat;3;0;0;3
scs;2;2;2;0
réellement;0;3;1;2
retard;2;0;4;0
restrictif;2;0;4;0
représentation;3;2;1;0
renoncer;2;4;0;0
relever;2;1;3;0
reconstituer;2;4;0;0
quantité;1;0;4;1
publier;1;1;0;4
prévenir;1;1;1;2
précéder;1;1;2;2
progressivement;4;0;2;0
porte;1;0;3;2
population;2;0;4;0
phase;1;2;3;0
persuader;1;3;1;1
perdre;0;5;1;0
partager;2;2;0;2
parer;3;2;1;0
p;0;1;0;4
opposé;1;4;1;0
officiellement;0;1;0;4
naître;1;4;0;1
meilleur;0;0;4;2
maximum;0;0;4;2
majorité;4;2;0;0
majeur;1;4;1;0
main;0;1;3;2
lucien;0;0;0;6
lisbonne;4;0;1;1
liquidation;3;0;3;0
largement;0;1;5;0
konzerns;1;0;3;0
juge;4;1;1;0
intermédiaire;3;0;1;2
interdire;1;1;3;0
intention;2;0;2;2
instrument;0;4;2;0
inquiétude;0;4;1;1
importateur;0;0;5;1
iii;1;1;1;3
i;3;2;0;1
hubert;0;0;0;6
fusion;1;2;3;0
fonctionner;1;4;0;1
favoriser;2;1;3;0
exclure;3;1;2;0
excessif;4;0;2;0
exceptionnel;1;1;4;0
erhard;4;0;0;2
entier;2;0;1;3
efficacité;1;5;0;0
désignation;6;0;0;0
dépasser;1;0;5;0
définitivement;3;3;0;0
domination;1;5;0;0
divergence;2;2;1;1
dirigeant;0;2;4;0
diminuer;1;1;4;0
dangereux;0;6;0;0
correspondre;0;3;3;0
coopérer;1;5;0;0
convoquer;2;0;0;4
consommateur;4;1;0;1
considérer;1;2;0;3
congrès;0;1;1;3
concurrent;1;0;5;0
compter;0;2;0;4
commencement;1;4;1;0
commander;0;0;5;1
chance;2;3;1;0
bruxelles;0;2;1;3
bruce;0;1;0;5
bilan;2;1;2;1
baisser;0;0;5;0
aussitôt;1;0;1;4
assigner;0;2;3;1
aspect;0;3;1;2
apprécier;2;0;1;3
ancien;1;0;3;0
alinéa;4;0;0;2
ajustement;1;2;3;0
agression;0;5;0;0
affectation;0;0;6;0
abandonner;0;5;1;0
éventuel;2;2;1;0
élevé;0;0;5;0
égal;0;1;4;0
vrai;0;3;0;2
voter;3;1;1;0
veto;4;0;0;1
veille;4;0;1;0
valeur;1;0;4;0
valable;3;1;0;1
unifier;1;4;0;0
transférer;4;0;1;0
traditionnel;1;2;2;0
totalité;0;1;3;0
territorial;5;0;0;0
tenue;1;2;0;2
temporaire;0;2;2;1
tarder;5;0;0;0
séance;0;0;1;4
strictement;0;1;0;4
soutien;1;0;3;1
sncf;0;0;5;0
simultanément;0;1;4;0
signer;1;0;0;4
signataire;5;0;0;0
shape;2;3;0;0
second;3;0;2;0
saxon;0;0;0;5
réussir;1;2;0;2
répéter;0;0;1;4
réaction;1;0;1;3
remplacer;3;1;1;0
remise;2;1;1;1
refuser;0;2;2;1
recours;4;0;0;0
recherche;1;2;2;0
qualité;1;0;1;3
prêter;0;1;3;1
précision;1;2;0;2
provisoire;4;0;0;1
protéger;0;0;5;0
protocole;5;0;0;0
profond;0;5;0;0
professeur;0;0;0;5
procurer;0;0;5;0
plein;1;1;3;0
perte;1;2;1;1
personnalité;4;1;0;0
parole;0;2;0;2
pareil;1;1;1;2
paiement;0;0;5;0
origine;1;4;0;0
occupation;2;2;0;1
néerlandais;3;0;1;1
norme;0;1;3;0
nord;3;2;0;0
nomination;3;0;0;2
mutuel;0;4;1;0
moderne;0;0;5;0
ministère;0;0;4;0
mine;1;1;2;0
mercredi;1;0;0;4
mars;5;0;0;0
marcher;1;0;3;1
lumière;0;2;2;1
louvel;1;0;1;1
local;0;0;4;1
livrer;1;2;2;0
joindre;3;2;0;0
jeudi;0;0;0;5
intérimaire;1;0;1;3
intéressé;0;0;3;2
inscrire;1;0;3;1
impression;0;2;1;2
historique;0;5;0;0
garder;0;2;2;1
fédération;0;4;1;0
futur;2;2;1;0
froid;0;3;1;0
franco_allemand;5;0;0;0
frais;0;1;4;0
fonder;0;4;1;0
faculté;2;0;2;1
fabrication;1;0;2;2
extrêmement;2;3;0;0
exercice;4;0;1;0
exemplaire;0;0;0;4
exclusivement;4;0;1;0
exception;2;0;3;0
détriment;1;2;2;0
délicat;2;2;0;1
dégager;1;3;1;0
définition;1;2;0;1
défendre;2;3;0;0
défaut;1;1;3;0
durée;1;1;2;1
durable;1;3;0;1
douter;0;3;0;2
double;0;1;2;2
disponible;0;0;4;1
discriminatoires;0;0;5;0
degré;0;4;1;0
critique;1;3;0;1
considérable;1;3;1;0
conseiller;0;0;1;4
conception;2;1;1;1
compétent;0;0;1;4
composition;5;0;0;0
complémentaire;1;1;1;2
clappier;0;0;0;5
clair;3;1;1;0
bénéficier;0;1;4;0
autoriser;1;0;2;2
au_delà;1;2;2;0
attribution;3;0;2;0
attlee;0;1;0;4
argent;0;0;3;0
appuyer;1;4;0;0
approfondi;0;2;0;3
apparait;2;2;0;1
apercevoir;2;2;0;1
améliorer;1;1;3;0
ambassadeur;0;0;0;5
ambassade;0;0;0;5
agriculture;0;0;4;1
administratif;1;1;3;0
ad_hoc;1;2;0;2
accorder;0;0;2;3
abaisser;0;0;5;0
élu;3;0;0;1
éclaircissement;0;0;0;4
échéant;2;0;1;1
échelle;1;0;3;0
vraisemblablement;3;1;0;0
vital;1;2;1;0
vert;3;0;0;1
vendredi;0;0;0;4
vaste;2;1;1;0
urgence;1;0;3;0
unanime;4;0;0;0
téléphone;0;1;0;3
trait;3;1;0;0
toucher;3;1;0;0
tendance;0;2;2;0
tableau;1;2;1;0
syndicat;2;0;0;2
surgir;4;0;0;0
supporter;0;1;2;1
suffisamment;1;0;1;2
subvention;0;0;4;0
structure;2;1;0;0
stable;0;0;4;0
spécialement;0;0;4;0
spierenburg;1;0;0;3
spaak;2;0;0;2
souvenir;0;1;0;3
souhaitable;1;1;1;1
sommaire;0;0;0;4
solidarité;0;4;0;0
soin;1;1;1;1
sir;0;1;0;3
signaler;2;0;0;2
sidérurgies;0;0;4;0
section;4;0;0;0
satisfaction;1;1;2;0
samedi;0;0;0;4
sain;0;0;4;0
résultera;1;2;1;0
résoudre;0;3;1;0
région;2;1;1;0
rédiger;0;0;0;4
réciproque;1;3;0;0
réaffirmation;0;4;0;0
royaume;1;2;0;1
retourner;0;1;1;2
retour;0;1;1;2
retarder;2;1;1;0
ressort;0;2;1;1
respecter;4;0;0;0
renforcement;2;1;1;0
refléter;0;0;0;4
recette;1;0;3;0
ramener;0;3;0;1
quart;0;0;4;0
publiquement;1;2;1;0
psychologique;1;3;0;0
présentement;2;1;1;0
présentation;0;1;2;1
préjuger;3;1;0;0
préférer;0;1;0;3
prouver;0;1;1;1
prospérité;0;4;0;0
propos;0;0;1;3
progressif;0;3;1;0
productif;0;0;4;0
prochainement;0;1;0;3
preuve;1;1;2;0
pousser;1;0;3;0
placement;0;0;4;0
peser;0;3;1;0
personnellement;2;0;0;2
pelou;1;0;0;3
pain;0;0;0;4
ouverture;2;1;1;0
outillage;0;0;4;0
oublier;1;2;1;0
orage;0;3;0;0
opportunité;1;1;1;1
opportun;2;1;1;0
occuper;1;3;0;0
observer;0;1;0;3
obliger;0;1;0;3
négocier;0;0;1;3
négatif;0;4;0;0
nouvel;1;0;1;1
nord_africains;4;0;0;0
nettement;0;2;1;1
naturel;2;0;2;0
métropolitain;2;1;1;0
mécanisme;0;0;4;0
mr;0;0;0;3
mollet;0;0;0;4
modalité;1;0;1;2
ministériel;2;0;0;2
maurice;0;0;0;4
manifester;1;2;1;0
malentendu;2;1;0;1
légitime;0;0;4;0
librement;0;3;1;0
lever;3;0;1;0
leader;0;4;0;0
jeu;0;0;3;1
iv;2;0;1;1
issue;0;2;0;2
infrastructure;0;1;3;0
indirectement;3;1;0;0
incorporation;1;3;0;0
inclusion;4;0;0;0
ignorer;0;1;0;3
hoffman;0;0;1;2
henri;0;0;0;4
h;0;0;0;4
guy;0;0;0;4
guider;1;0;0;3
gramme;0;0;0;4
graduellement;0;2;2;0
genève;4;0;0;0
franc;0;0;3;0
figurer;2;0;1;1
fidèlement;0;0;0;4
ferraille;2;1;1;0
faux;0;0;0;4
extraordinaire;0;0;4;0
excédent;0;0;4;0
erreur;1;1;2;0
efforcer;1;0;2;1
détourner;1;3;0;0
déterminé;1;0;3;0
délibération;1;0;1;2
dumping;0;0;4;0
dresser;0;2;2;0
dossier;1;0;0;2
dissimuler;0;2;2;0
différer;2;2;0;0
diffusion;0;0;1;3
devise;0;0;3;0
deuxième;0;0;4;0
coûteux;0;0;4;0
corée;0;3;1;0
corriger;0;0;0;4
conviction;0;3;0;1
contractant;3;0;0;0
continuité;0;0;4;0
continuation;0;2;2;0
contenu;1;1;0;2
contact;2;0;1;1
conséquent;1;1;1;1
construction;0;3;1;0
conserver;3;0;1;0
conscience;1;3;0;0
connaitre;1;1;0;2
conflit;2;2;0;0
conduite;1;2;0;1
concevoir;0;3;1;0
comparable;1;0;2;0
collègue;1;2;1;0
collaboration;0;2;1;1
cohésion;0;2;0;2
ciment;0;0;4;0
chercher;1;2;1;0
capitale;1;2;1;0
campagne;0;1;1;2
busset;0;0;0;4
bourbon;0;0;0;4
bateau;0;1;1;1
banque;1;0;3;0
autrement;1;1;2;0
atmosphère;1;2;0;1
articulé;1;2;0;1
articulation;0;3;1;0
arrêt;0;2;2;0
arrivée;0;1;2;1
annonce;2;0;0;2
afrique;3;1;0;0
adoption;1;0;2;1
adhésion;2;1;0;0
adaptation;1;1;2;0
accusation;0;0;0;4
accru;0;2;2;0
abaissement;0;0;4;0
évidence;0;2;1;0
état_major;0;3;0;0
ériger;1;0;2;0
énoncé;1;1;0;1
énergie;0;0;3;0
émettre;1;0;1;1
économiquement;2;0;1;0
écart;1;0;2;0
voix;0;2;0;1
voisin;0;3;0;0
vivre;0;2;1;0
vivant;0;3;0;0
visite;1;1;0;1
variété;0;0;3;0
variation;2;0;1;0
valoir;2;0;0;1
uri;0;0;0;3
unanimité;3;0;0;0
tôt;1;1;1;0
tête;0;2;0;1
témoigner;0;2;0;1
téléphonique;0;0;0;3
travers;0;1;2;0
transformer;1;2;0;0
transfert;2;0;1;0
traitement;1;0;2;0
traditionnellement;1;1;1;0
tomlinson;0;1;0;2
tension;0;3;0;0
séjour;0;0;0;3
séculaire;0;3;0;0
suspens;2;1;0;0
supprimer;0;0;3;0
suffrage;2;1;0;0
spécifique;0;2;1;0
soupçon;0;2;1;0
souffrir;0;2;1;0
souci;1;1;0;1
sinistré;0;0;3;0
schumann;0;0;0;3
satisfaire;0;0;3;0
réticent;1;2;0;0
résumé;1;0;0;2
régulièrement;0;0;1;2
référer;0;1;0;2
rupture;1;1;1;0
retenir;0;1;0;2
restriction;0;2;1;0
restreint;1;0;0;2
remplir;2;0;1;0
relater;0;0;0;3
relais;0;1;2;0
redressement;0;1;2;0
rassemblement;0;3;0;0
rabais;3;0;0;0
quotidien;1;0;2;0
quota;1;0;0;2
pur;1;1;0;1
préoccuper;1;1;0;1
précédent;0;2;1;0
précédemment;2;0;1;0
précisément;1;0;2;0
progresser;1;2;0;0
pression;0;2;0;1
pratiquer;1;1;1;0
poursuite;1;1;1;0
posséder;1;1;1;0
portant;2;0;0;1
populaire;3;0;0;0
politiquement;1;1;1;0
plébiscite;0;3;0;0
pinay;0;0;0;3
pierre;0;0;0;3
petit;0;2;1;0
pensée;0;3;0;0
payer;0;0;3;0
pacte;1;2;0;0
ouvert;1;2;0;0
ottawa;2;1;0;0
organique;1;2;0;0
organe;0;2;1;0
ordinaire;0;0;3;0
offshore;0;0;3;0
officiel;0;0;0;3
office;3;0;0;0
négociateur;1;1;1;0
nécessairement;0;3;0;0
novembre;0;0;0;3
normal;0;2;1;0
nancière;0;0;3;0
mêler;0;2;1;0
monétaire;0;1;2;0
minimum;2;0;1;0
militairement;0;3;0;0
marchandise;0;1;2;0
mandataire;2;1;0;0
machine;0;0;3;0
lourd;0;2;1;0
longuement;1;0;0;2
londres;1;1;0;1
lire;0;0;0;3
libération;0;1;2;0
justifier;1;0;1;1
justement;0;2;1;0
irréversible;0;0;3;0
irréductible;2;1;0;0
inévitablement;0;2;1;0
introduire;1;1;0;1
introduction;1;0;0;2
intime;0;1;0;2
intervalle;1;1;0;1
interpréter;1;2;0;0
intergouvernemental;3;0;0;0
insuffisant;0;1;2;0
insistance;0;2;0;1
initial;3;0;0;0
inflation;0;1;2;0
indépendant;2;1;0;0
incorporer;1;2;0;0
inciter;1;1;1;0
incessamment;1;0;0;2
incertitude;0;2;1;0
inacceptable;1;2;0;0
impliquer;1;1;1;0
impasse;0;3;0;0
hâter;0;3;0;0
hypothèse;1;0;1;1
histoire;1;2;0;0
heurter;1;0;2;0
henckes;0;0;0;3
harmoniser;2;1;0;0
harmonisation;1;1;1;0
habiliter;1;0;2;0
gêner;0;1;0;2
géographique;0;2;1;0
graduel;1;0;2;0
gouverner;2;0;0;1
gouvernemental;0;0;2;1
fur_et_à_mesure;0;0;2;1
frontière;0;1;2;0
fourniture;0;1;2;0
formation;2;0;1;0
fond;0;0;1;2
fixation;1;0;2;0
fidèle;0;0;1;2
faute;1;1;0;1
fatalité;0;3;0;0
faiblesse;0;2;1;0
facteur;1;1;1;0
facilité;0;1;2;0
fabriquer;2;0;1;0
exécuter;1;0;1;1
extrême;2;0;1;0
exportateur;0;0;3;0
exigence;0;1;2;0
exemple;1;2;0;0
etats;0;2;0;1
equipement;0;0;1;2
entité;0;2;1;0
ensanglanté;0;3;0;0
encourager;0;2;1;0
emporter;1;1;0;1
effectivement;0;1;2;0
désuni;0;3;0;0
dérouler;0;1;0;2
dérogation;3;0;0;0
déposer;2;0;0;1
déplacement;0;0;3;0
dépenser;0;0;3;0
défini;2;0;1;0
décrire;1;1;1;0
découler;1;1;0;1
décartellisation;3;0;0;0
doter;0;2;1;0
diviser;0;1;1;1
diversité;1;2;0;0
discrimination;2;0;1;0
différend;2;0;1;0
destin;0;3;0;0
denis;1;0;1;1
demeure;0;1;2;0
céder;0;2;1;0
crise;1;1;1;0
coût;0;0;3;0
correction;1;0;0;2
corps;1;2;0;0
coordonner;0;0;3;0
cooptation;3;0;0;0
convenu;0;0;1;2
contrôler;0;1;2;0
contrevaleur;0;0;3;0
contradiction;1;1;0;1
contexte;1;2;0;0
confusion;0;1;2;0
confirmation;1;2;0;0
condamner;0;1;2;0
concerter;0;2;1;0
comptoir;3;0;0;0
commentaire;0;0;2;1
combler;0;0;3;0
collectivité;0;1;2;0
collaborer;1;2;0;0
cloisonnement;0;0;3;0
climat;0;3;0;0
circulation;1;0;2;0
ci_jointe;1;0;1;1
charbonnier;1;1;0;1
champ;3;0;0;0
certitude;0;0;2;1
capable;1;2;0;0
bénéfice;0;2;1;0
bâtiment;0;0;3;0
budgétaire;0;1;2;0
brièvement;1;1;0;1
bowie;1;0;0;2
bordeaux;0;1;0;2
bloquer;1;0;0;2
bilatéral;1;1;1;0
beau;0;3;0;0
barrière;0;1;2;0
aveu;2;1;0;0
autorisation;1;0;2;0
auprès_des;2;0;0;1
associé;1;1;1;0
approprié;1;1;1;0
approcher;1;2;0;0
antérieur;1;1;1;0
annoncer;1;1;0;1
analogue;1;0;1;1
amélioration;0;0;3;0
amical;0;0;0;3
allèmagne;0;2;1;0
ajuster;1;1;1;0
agence;3;0;0;0
adapter;0;1;2;0
acte;1;0;2;0
accueillir;0;3;0;0
acceptable;1;1;1;0
absolu;1;1;1;0
aborder;0;2;0;1
abandon;0;3;0;0