"V1";"V2";"V3";"V4";"V5";"V6"
"***";"nb classes";"4";"***";"";""
"**";"classe";"1";"**";"";""
"****";"476";"1792";"26.56";"****";""
" 71";" 94";" 75.53";"121.95";"assemblée";"2.364157e-28"
" 72";"102";" 70.59";"107.47";"accord";"3.515924e-25"
" 88";"145";" 60.69";" 94.19";"charbon";"2.859878e-22"
" 95";"162";" 58.64";" 93.96";"autorité";"3.223140e-22"
" 91";"159";" 57.23";" 84.14";"haut";"4.612683e-20"
" 80";"133";" 60.15";" 83.08";"acier";"7.860834e-20"
" 49";" 68";" 72.06";" 75.00";"membre";"4.701310e-18"
" 74";"124";" 59.68";" 74.89";"traiter";"4.976677e-18"
" 34";" 41";" 82.93";" 68.34";"ruhr";"1.377925e-16"
" 45";" 67";" 67.16";" 58.82";"représentant";"1.727779e-14"
" 74";"138";" 53.62";" 56.13";"commun";"6.793501e-14"
" 24";" 27";" 88.89";" 54.59";"consultatif";"1.484792e-13"
" 39";" 57";" 68.42";" 52.88";"article";"3.544842e-13"
"111";"243";" 45.68";" 52.67";"gouvernement";"3.955472e-13"
" 30";" 39";" 76.92";" 51.83";"parlement";"6.039488e-13"
" 23";" 27";" 85.19";" 48.29";"territoire";"3.666970e-12"
" 62";"116";" 53.45";" 45.96";"conseil";"1.206905e-11"
" 31";" 44";" 70.45";" 44.55";"délégué";"2.481208e-11"
" 14";" 14";"100.00";" 39.01";"vente";"4.214992e-10"
" 15";" 16";" 93.75";" 37.36";"liaison";"9.822339e-10"
" 76";"165";" 46.06";" 35.42";"communauté";"2.659237e-09"
" 19";" 24";" 79.17";" 34.51";"cour";"4.244917e-09"
" 38";" 66";" 57.58";" 33.79";"institution";"6.148971e-09"
" 15";" 17";" 88.24";" 33.46";"sarrois";"7.256331e-09"
" 24";" 35";" 68.57";" 32.29";"application";"1.324772e-08"
" 17";" 21";" 80.95";" 32.22";"domaine";"1.373377e-08"
" 18";" 23";" 78.26";" 31.92";"intervenir";"1.603994e-08"
" 15";" 18";" 83.33";" 30.04";"confier";"4.229134e-08"
" 22";" 32";" 68.75";" 29.73";"sarre";"4.972849e-08"
" 26";" 41";" 63.41";" 29.21";"fédéral";"6.484716e-08"
" 26";" 41";" 63.41";" 29.21";"relatif";"6.484716e-08"
" 13";" 15";" 86.67";" 28.01";"supranational";"1.204849e-07"
" 22";" 34";" 64.71";" 25.85";"statut";"3.691290e-07"
"  9";"  9";"100.00";" 25.01";"ratification";"5.709439e-07"
"  9";"  9";"100.00";" 25.01";"nommer";"5.709439e-07"
" 11";" 13";" 84.62";" 22.62";"conclure";"1.970253e-06"
" 29";" 54";" 53.70";" 21.03";"mesure";"4.531305e-06"
"  9";" 10";" 90.00";" 20.75";"composer";"5.243941e-06"
" 17";" 26";" 65.38";" 20.38";"organisme";"6.335295e-06"
" 10";" 12";" 83.33";" 19.96";"dkv";"7.907468e-06"
" 10";" 12";" 83.33";" 19.96";"responsable";"7.907468e-06"
" 10";" 12";" 83.33";" 19.96";"outre_mer";"7.907468e-06"
" 14";" 20";" 70.00";" 19.56";"exercer";"9.730941e-06"
"  7";"  7";"100.00";" 19.43";"vertu";"1.044186e-05"
"  7";"  7";"100.00";" 19.43";"élire";"1.044186e-05"
"  7";"  7";"100.00";" 19.43";"choisir";"1.044186e-05"
" 12";" 16";" 75.00";" 19.42";"exécutif";"1.050443e-05"
" 21";" 36";" 58.33";" 19.01";"intérêt";"1.300225e-05"
"  8";"  9";" 88.89";" 18.01";"vigueur";"2.194005e-05"
" 13";" 19";" 68.42";" 17.25";"déconcentration";"3.278664e-05"
" 13";" 19";" 68.42";" 17.25";"entrée";"3.278664e-05"
" 10";" 13";" 76.92";" 17.03";"règle";"3.688110e-05"
" 10";" 13";" 76.92";" 17.03";"justice";"3.688110e-05"
"  6";"  6";"100.00";" 16.64";"désignation";"4.509360e-05"
" 15";" 24";" 62.50";" 16.11";"italien";"5.990784e-05"
" 33";" 70";" 47.14";" 15.82";"disposition";"6.977579e-05"
"  7";"  8";" 87.50";" 15.30";"session";"9.184634e-05"
"  7";"  8";" 87.50";" 15.30";"minerai";"9.184634e-05"
"  7";"  8";" 87.50";" 15.30";"conforme";"9.184634e-05"
" 12";" 18";" 66.67";" 14.99";"signature";"1.079887e-04"
" 11";" 16";" 68.75";" 14.73";"désigner";"1.240721e-04"
"  8";" 10";" 80.00";" 14.72";"commercial";"1.246537e-04"
" 15";" 25";" 60.00";" 14.53";"fonction";"1.378066e-04"
"  9";" 12";" 75.00";" 14.53";"avril";"1.379202e-04"
" 26";" 53";" 49.06";" 14.17";"position";"1.673166e-04"
" 41";" 95";" 43.16";" 14.16";"ministre";"1.675974e-04"
" 27";" 56";" 48.21";" 13.89";"décision";"1.935808e-04"
"  5";"  5";"100.00";" 13.86";"territorial";"1.967147e-04"
"  5";"  5";"100.00";" 13.86";"tarder";"1.967147e-04"
"  5";"  5";"100.00";" 13.86";"signataire";"1.967147e-04"
"  5";"  5";"100.00";" 13.86";"protocole";"1.967147e-04"
"  5";"  5";"100.00";" 13.86";"mars";"1.967147e-04"
"  5";"  5";"100.00";" 13.86";"franco_allemand";"1.967147e-04"
"  5";"  5";"100.00";" 13.86";"composition";"1.967147e-04"
" 11";" 17";" 64.71";" 12.80";"annexe";"3.464546e-04"
"  6";"  7";" 85.71";" 12.61";"associer";"3.846932e-04"
" 10";" 15";" 66.67";" 12.47";"convention";"4.131109e-04"
" 16";" 29";" 55.17";" 12.37";"conclusion";"4.365522e-04"
"  9";" 13";" 69.23";" 12.22";"spécial";"4.723900e-04"
" 49";"123";" 39.84";" 11.93";"prendre";"5.521933e-04"
" 15";" 27";" 55.56";" 11.81";"cas";"5.882030e-04"
" 34";" 79";" 43.04";" 11.50";"délégation";"6.959725e-04"
" 18";" 35";" 51.43";" 11.32";"principe";"7.687564e-04"
" 11";" 18";" 61.11";" 11.13";"final";"8.513515e-04"
"  4";"  4";"100.00";" 11.08";"recours";"8.709626e-04"
"  4";"  4";"100.00";" 11.08";"unanime";"8.709626e-04"
"  4";"  4";"100.00";" 11.08";"surgir";"8.709626e-04"
"  4";"  4";"100.00";" 11.08";"section";"8.709626e-04"
"  4";"  4";"100.00";" 11.08";"respecter";"8.709626e-04"
"  4";"  4";"100.00";" 11.08";"nord_africains";"8.709626e-04"
"  4";"  4";"100.00";" 11.08";"inclusion";"8.709626e-04"
"  4";"  4";"100.00";" 11.08";"genève";"8.709626e-04"
" 27";" 61";" 44.26";" 10.14";"organisation";"1.449347e-03"
"  8";" 12";" 66.67";"  9.96";"vote";"1.599142e-03"
"  8";" 12";" 66.67";"  9.96";"débat";"1.599142e-03"
"  8";" 12";" 66.67";"  9.96";"conformément";"1.599142e-03"
"  5";"  6";" 83.33";"  9.95";"subordonné";"1.611531e-03"
"  7";" 10";" 70.00";"  9.73";"régime";"1.815935e-03"
"  7";" 10";" 70.00";"  9.73";"bureau";"1.815935e-03"
"  6";"  8";" 75.00";"  9.67";"siège";"1.877938e-03"
"  6";"  8";" 75.00";"  9.67";"république";"1.877938e-03"
"  6";"  8";" 75.00";"  9.67";"procéder";"1.877938e-03"
"  6";"  8";" 75.00";"  9.67";"obligation";"1.877938e-03"
" 11";" 19";" 57.89";"  9.66";"nombre";"1.878641e-03"
" 11";" 19";" 57.89";"  9.66";"loi";"1.878641e-03"
" 23";" 51";" 45.10";"  9.25";"conférence";"2.360676e-03"
" 37";" 93";" 39.78";"  8.79";"demander";"3.026327e-03"
"  9";" 15";" 60.00";"  8.67";"préciser";"3.234788e-03"
"  9";" 15";" 60.00";"  8.67";"procédure";"3.234788e-03"
" 11";" 20";" 55.00";"  8.38";"cartel";"3.783414e-03"
" 11";" 20";" 55.00";"  8.38";"responsabilité";"3.783414e-03"
" 27";" 64";" 42.19";"  8.31";"concerner";"3.949954e-03"
"  3";"  3";"100.00";"  8.31";"contractant";"3.947026e-03"
"  3";"  3";"100.00";"  8.31";"unanimité";"3.947026e-03"
"  3";"  3";"100.00";"  8.31";"rabais";"3.947026e-03"
"  3";"  3";"100.00";"  8.31";"populaire";"3.947026e-03"
"  3";"  3";"100.00";"  8.31";"office";"3.947026e-03"
"  3";"  3";"100.00";"  8.31";"intergouvernemental";"3.947026e-03"
"  3";"  3";"100.00";"  8.31";"initial";"3.947026e-03"
"  3";"  3";"100.00";"  8.31";"dérogation";"3.947026e-03"
"  3";"  3";"100.00";"  8.31";"décartellisation";"3.947026e-03"
"  3";"  3";"100.00";"  8.31";"cooptation";"3.947026e-03"
"  3";"  3";"100.00";"  8.31";"comptoir";"3.947026e-03"
"  3";"  3";"100.00";"  8.31";"champ";"3.947026e-03"
"  3";"  3";"100.00";"  8.31";"agence";"3.947026e-03"
"  8";" 13";" 61.54";"  8.21";"approuver";"4.161037e-03"
" 22";" 50";" 44.00";"  8.02";"partie";"4.632630e-03"
" 14";" 28";" 50.00";"  8.01";"intéresser";"4.651942e-03"
"  7";" 11";" 63.64";"  7.80";"1er";"5.228726e-03"
"  6";"  9";" 66.67";"  7.46";"puissance";"6.315577e-03"
"  6";"  9";" 66.67";"  7.46";"mandat";"6.315577e-03"
"  6";"  9";" 66.67";"  7.46";"compromis";"6.315577e-03"
"  4";"  5";" 80.00";"  7.34";"rené";"6.744139e-03"
"  4";"  5";" 80.00";"  7.34";"veto";"6.744139e-03"
"  4";"  5";" 80.00";"  7.34";"veille";"6.744139e-03"
"  4";"  5";" 80.00";"  7.34";"transférer";"6.744139e-03"
"  4";"  5";" 80.00";"  7.34";"provisoire";"6.744139e-03"
"  4";"  5";" 80.00";"  7.34";"personnalité";"6.744139e-03"
"  4";"  5";" 80.00";"  7.34";"exercice";"6.744139e-03"
"  4";"  5";" 80.00";"  7.34";"exclusivement";"6.744139e-03"
" 11";" 21";" 52.38";"  7.26";"rôle";"7.045762e-03"
" 11";" 21";" 52.38";"  7.26";"caractère";"7.045762e-03"
"  5";"  7";" 71.43";"  7.25";"collectif";"7.082915e-03"
" 14";" 29";" 48.28";"  7.12";"oeuvre";"7.603997e-03"
" 15";" 32";" 46.88";"  6.89";"international";"8.660543e-03"
" 12";" 24";" 50.00";"  6.85";"importance";"8.863176e-03"
"  8";" 14";" 57.14";"  6.76";"clause";"9.299152e-03"
" 17";" 38";" 44.74";"  6.57";"conséquence";"1.034854e-02"
"  7";" 12";" 58.33";"  6.25";"égalité";"1.241029e-02"
"  9";" 17";" 52.94";"  6.12";"participant";"1.334943e-02"
" 12";" 25";" 48.00";"  5.97";"décider";"1.452537e-02"
" 19";" 45";" 42.22";"  5.80";"agir";"1.600052e-02"
"  6";" 10";" 60.00";"  5.76";"parlementaire";"1.635939e-02"
"  6";" 10";" 60.00";"  5.76";"commerce";"1.635939e-02"
" 10";" 20";" 50.00";"  5.70";"système";"1.700743e-02"
" 14";" 31";" 45.16";"  5.59";"recommandation";"1.802204e-02"
"  8";" 15";" 53.33";"  5.56";"concentration";"1.840177e-02"
"  8";" 15";" 53.33";"  5.56";"appeler";"1.840177e-02"
"  8";" 15";" 53.33";"  5.56";"matière";"1.840177e-02"
" 11";" 23";" 47.83";"  5.40";"règlement";"2.013238e-02"
"  5";"  8";" 62.50";"  5.32";"ultérieur";"2.107751e-02"
"  5";"  8";" 62.50";"  5.32";"choix";"2.107751e-02"
" 21";" 52";" 40.38";"  5.25";"effet";"2.200858e-02"
"  9";" 18";" 50.00";"  5.12";"fonctionnement";"2.364797e-02"
"  7";" 13";" 53.85";"  5.00";"garantie";"2.538888e-02"
"  4";"  6";" 66.67";"  4.96";"échec";"2.588572e-02"
"  4";"  6";" 66.67";"  4.96";"réforme";"2.588572e-02"
"  4";"  6";" 66.67";"  4.96";"oece";"2.588572e-02"
"  4";"  6";" 66.67";"  4.96";"ultérieurement";"2.588572e-02"
"  4";"  6";" 66.67";"  4.96";"progressivement";"2.588572e-02"
"  4";"  6";" 66.67";"  4.96";"majorité";"2.588572e-02"
"  4";"  6";" 66.67";"  4.96";"lisbonne";"2.588572e-02"
"  4";"  6";" 66.67";"  4.96";"juge";"2.588572e-02"
"  4";"  6";" 66.67";"  4.96";"excessif";"2.588572e-02"
"  4";"  6";" 66.67";"  4.96";"erhard";"2.588572e-02"
"  4";"  6";" 66.67";"  4.96";"consommateur";"2.588572e-02"
"  4";"  6";" 66.67";"  4.96";"alinéa";"2.588572e-02"
"  3";"  4";" 75.00";"  4.82";"élu";"2.810236e-02"
"  3";"  4";" 75.00";"  4.82";"vraisemblablement";"2.810236e-02"
"  3";"  4";" 75.00";"  4.82";"vert";"2.810236e-02"
"  3";"  4";" 75.00";"  4.82";"trait";"2.810236e-02"
"  3";"  4";" 75.00";"  4.82";"toucher";"2.810236e-02"
"  3";"  4";" 75.00";"  4.82";"préjuger";"2.810236e-02"
"  3";"  4";" 75.00";"  4.82";"lever";"2.810236e-02"
"  3";"  4";" 75.00";"  4.82";"indirectement";"2.810236e-02"
"  3";"  4";" 75.00";"  4.82";"conserver";"2.810236e-02"
"  3";"  4";" 75.00";"  4.82";"afrique";"2.810236e-02"
" 22";" 56";" 39.29";"  4.80";"négociation";"2.850688e-02"
"  8";" 16";" 50.00";"  4.55";"modifier";"3.299144e-02"
"  6";" 11";" 54.55";"  4.44";"sidérurgique";"3.504656e-02"
"  6";" 11";" 54.55";"  4.44";"précis";"3.504656e-02"
"  6";" 11";" 54.55";"  4.44";"définitif";"3.504656e-02"
"  9";" 19";" 47.37";"  4.26";"réunir";"3.898381e-02"
"  7";" 14";" 50.00";"  3.97";"instituer";"4.622241e-02"
"  7";" 14";" 50.00";"  3.97";"supranationale";"4.622241e-02"
"  7";" 14";" 50.00";"  3.97";"déclarer";"4.622241e-02"
" 21";" 55";" 38.18";"  3.93";"action";"4.751295e-02"
"  5";"  9";" 55.56";"  3.90";"août";"4.834660e-02"
" 12";" 28";" 42.86";"  3.87";"souveraineté";"4.910712e-02"
" 12";" 28";" 42.86";"  3.87";"envisager";"4.910712e-02"
" 13";" 31";" 41.94";"  3.82";"commission";"5.058936e-02"
" 15";" 37";" 40.54";"  3.78";"sidérurgie";"5.174018e-02"
" 24";" 65";" 36.92";"  3.71";"rapport";"5.404141e-02"
"  8";" 17";" 47.06";"  3.70";"mission";"5.453704e-02"
"  9";" 20";" 45.00";"  3.52";"présenter";"6.046096e-02"
" 10";" 23";" 43.48";"  3.42";"nouvelle";"6.450072e-02"
"  6";" 12";" 50.00";"  3.40";"juillet";"6.511721e-02"
"  6";" 12";" 50.00";"  3.40";"insister";"6.511721e-02"
"  6";" 12";" 50.00";"  3.40";"directement";"6.511721e-02"
"  4";"  7";" 57.14";"  3.37";"syndical";"6.643561e-02"
"  4";"  7";" 57.14";"  3.37";"professionnel";"6.643561e-02"
"  4";"  7";" 57.14";"  3.37";"monopole";"6.643561e-02"
"  4";"  7";" 57.14";"  3.37";"garantir";"6.643561e-02"
"  4";"  7";" 57.14";"  3.37";"consister";"6.643561e-02"
"  4";"  7";" 57.14";"  3.37";"appliquer";"6.643561e-02"
"  4";"  7";" 57.14";"  3.37";"acceptation";"6.643561e-02"
" 65";"204";" 31.86";"  3.32";"français";"6.863782e-02"
"  7";" 15";" 46.67";"  3.13";"veiller";"7.666584e-02"
"  7";" 15";" 46.67";"  3.13";"exprimer";"7.666584e-02"
"  8";" 18";" 44.44";"  2.98";"date";"8.426951e-02"
"  8";" 18";" 44.44";"  2.98";"répartition";"8.426951e-02"
"  8";" 18";" 44.44";"  2.98";"début";"8.426951e-02"
" 15";" 39";" 38.46";"  2.89";"particulier";"8.892498e-02"
"  9";" 21";" 42.86";"  2.89";"avis";"8.900442e-02"
"  3";"  5";" 60.00";"  2.87";"voter";"9.002922e-02"
"  3";"  5";" 60.00";"  2.87";"valable";"9.002922e-02"
"  3";"  5";" 60.00";"  2.87";"second";"9.002922e-02"
"  3";"  5";" 60.00";"  2.87";"remplacer";"9.002922e-02"
"  3";"  5";" 60.00";"  2.87";"néerlandais";"9.002922e-02"
"  3";"  5";" 60.00";"  2.87";"nord";"9.002922e-02"
"  3";"  5";" 60.00";"  2.87";"nomination";"9.002922e-02"
"  3";"  5";" 60.00";"  2.87";"joindre";"9.002922e-02"
"  3";"  5";" 60.00";"  2.87";"clair";"9.002922e-02"
"  3";"  5";" 60.00";"  2.87";"attribution";"9.002922e-02"
" 13";" 33";" 39.39";"  2.84";"terme";"9.208208e-02"
" 13";" 33";" 39.39";"  2.84";"fin";"9.208208e-02"
"  5";" 10";" 50.00";"  2.83";"limiter";"9.241343e-02"
"  5";" 10";" 50.00";"  2.83";"italie";"9.241343e-02"
"  5";" 10";" 50.00";"  2.83";"achèvement";"9.241343e-02"
" 12";" 30";" 40.00";"  2.82";"fixer";"9.285013e-02"
" 56";"177";" 31.64";"  2.59";"schuman";"1.072646e-01"
"  6";" 13";" 46.15";"  2.58";"nation";"1.084543e-01"
"  2";"  3";" 66.67";"  2.48";"structure";"1.154742e-01"
"  2";"  3";" 66.67";"  2.48";"adhésion";"1.154742e-01"
"  2";"  3";" 66.67";"  2.48";"économiquement";"1.154742e-01"
"  2";"  3";" 66.67";"  2.48";"variation";"1.154742e-01"
"  2";"  3";" 66.67";"  2.48";"valoir";"1.154742e-01"
"  2";"  3";" 66.67";"  2.48";"transfert";"1.154742e-01"
"  2";"  3";" 66.67";"  2.48";"suspens";"1.154742e-01"
"  2";"  3";" 66.67";"  2.48";"suffrage";"1.154742e-01"
"  2";"  3";" 66.67";"  2.48";"remplir";"1.154742e-01"
"  2";"  3";" 66.67";"  2.48";"précédemment";"1.154742e-01"
"  2";"  3";" 66.67";"  2.48";"portant";"1.154742e-01"
"  2";"  3";" 66.67";"  2.48";"ottawa";"1.154742e-01"
"  2";"  3";" 66.67";"  2.48";"minimum";"1.154742e-01"
"  2";"  3";" 66.67";"  2.48";"mandataire";"1.154742e-01"
"  2";"  3";" 66.67";"  2.48";"irréductible";"1.154742e-01"
"  2";"  3";" 66.67";"  2.48";"indépendant";"1.154742e-01"
"  2";"  3";" 66.67";"  2.48";"harmoniser";"1.154742e-01"
"  2";"  3";" 66.67";"  2.48";"gouverner";"1.154742e-01"
"  2";"  3";" 66.67";"  2.48";"formation";"1.154742e-01"
"  2";"  3";" 66.67";"  2.48";"fabriquer";"1.154742e-01"
"  2";"  3";" 66.67";"  2.48";"extrême";"1.154742e-01"
"  2";"  3";" 66.67";"  2.48";"déposer";"1.154742e-01"
"  2";"  3";" 66.67";"  2.48";"défini";"1.154742e-01"
"  2";"  3";" 66.67";"  2.48";"discrimination";"1.154742e-01"
"  2";"  3";" 66.67";"  2.48";"différend";"1.154742e-01"
"  2";"  3";" 66.67";"  2.48";"aveu";"1.154742e-01"
"  2";"  3";" 66.67";"  2.48";"auprès_des";"1.154742e-01"
"  7";" 16";" 43.75";"  2.44";"attirer";"1.179106e-01"
" 12";" 31";" 38.71";"  2.39";"chancelier";"1.224120e-01"
"  8";" 19";" 42.11";"  2.38";"strasbourg";"1.230375e-01"
"  8";" 19";" 42.11";"  2.38";"contrôle";"1.230375e-01"
" 10";" 25";" 40.00";"  2.35";"résulter";"1.255337e-01"
"  9";" 22";" 40.91";"  2.35";"représenter";"1.252699e-01"
" 34";"103";" 33.01";"  2.33";"nécessaire";"1.270129e-01"
"  4";"  8";" 50.00";"  2.26";"mayer";"1.325042e-01"
"  4";"  8";" 50.00";"  2.26";"chambre";"1.325042e-01"
"  4";"  8";" 50.00";"  2.26";"élaborer";"1.325042e-01"
"  4";"  8";" 50.00";"  2.26";"viser";"1.325042e-01"
"  4";"  8";" 50.00";"  2.26";"harriman";"1.325042e-01"
"  4";"  8";" 50.00";"  2.26";"entièrement";"1.325042e-01"
"  4";"  8";" 50.00";"  2.26";"effectuer";"1.325042e-01"
"  4";"  8";" 50.00";"  2.26";"attribuer";"1.325042e-01"
" 56";"180";" 31.11";"  2.12";"pays";"1.451640e-01"
" 18";" 51";" 35.29";"  2.05";"établir";"1.520372e-01"
"  5";" 11";" 45.45";"  2.03";"formule";"1.547228e-01"
"  5";" 11";" 45.45";"  2.03";"convaincre";"1.547228e-01"
"  5";" 11";" 45.45";"  2.03";"compétence";"1.547228e-01"
"*****";"*";"*";"*";"*";"*"
"232";" 654";" 35.47";"41.93";"du";"9.476826e-11"
"328";"1087";" 30.17";"18.48";"l";"1.714837e-05"
"130";" 384";" 33.85";"13.32";"un";"2.624651e-04"
" 17";"  32";" 53.12";"11.78";"c_est_à_dire";"5.971268e-04"
"  4";"   4";"100.00";"11.08";"sic";"8.709626e-04"
"  4";"   4";"100.00";"11.08";"21";"8.709626e-04"
" 26";"  57";" 45.61";"10.95";"après";"9.338427e-04"
"  6";"   8";" 75.00";" 9.67";"61";"1.877938e-03"
"  3";"   3";"100.00";" 8.31";"près";"3.947026e-03"
"  3";"   3";"100.00";" 8.31";"jusqu_au";"3.947026e-03"
"  3";"   3";"100.00";" 8.31";"26";"3.947026e-03"
"  3";"   3";"100.00";" 8.31";"19";"3.947026e-03"
"  4";"   5";" 80.00";" 7.34";"18";"6.744139e-03"
"269";" 922";" 29.18";" 6.65";"les";"9.925117e-03"
" 12";"  25";" 48.00";" 5.97";"trois";"1.452537e-02"
"  6";"  10";" 60.00";" 5.76";"12";"1.635939e-02"
"  6";"  10";" 60.00";" 5.76";"10";"1.635939e-02"
"  5";"   8";" 62.50";" 5.32";"lorsqu";"2.107751e-02"
"  4";"   6";" 66.67";" 4.96";"celles_ci";"2.588572e-02"
"  3";"   4";" 75.00";" 4.82";"franco";"2.810236e-02"
"  3";"   4";" 75.00";" 4.82";"27";"2.810236e-02"
" 18";"  44";" 40.91";" 4.76";"avant";"2.913729e-02"
"354";"1268";" 27.92";" 4.08";"la";"4.328135e-02"
" 88";" 280";" 31.43";" 4.03";"ce";"4.474483e-02"
" 11";"  25";" 44.00";" 3.95";"attention";"4.681414e-02"
" 21";"  55";" 38.18";" 3.93";"six";"4.751295e-02"
"  5";"   9";" 55.56";" 3.90";"1953";"4.834660e-02"
"138";" 461";" 29.93";" 3.62";"dans";"5.713183e-02"
"103";" 336";" 30.65";" 3.55";"par";"5.953736e-02"
"268";" 944";" 28.39";" 3.41";"le";"6.461540e-02"
" 12";"  29";" 41.38";" 3.32";"enfin";"6.854746e-02"
"257";" 905";" 28.40";" 3.16";"à";"7.559830e-02"
"  7";"  15";" 46.67";" 3.13";"chacun";"7.666584e-02"
"  8";"  18";" 44.44";" 2.98";"devant";"8.426951e-02"
"  8";"  18";" 44.44";" 2.98";"lesquelles";"8.426951e-02"
" 98";" 323";" 30.34";" 2.88";"pouvoir";"8.951012e-02"
"  3";"   5";" 60.00";" 2.87";"25";"9.002922e-02"
"  3";"   5";" 60.00";" 2.87";"20";"9.002922e-02"
" 43";" 131";" 32.82";" 2.84";"entre";"9.188788e-02"
"  6";"  13";" 46.15";" 2.58";"60";"1.084543e-01"
"  6";"  13";" 46.15";" 2.58";"vis_à_vis";"1.084543e-01"
"  6";"  13";" 46.15";" 2.58";"ci_dessus";"1.084543e-01"
"  2";"   3";" 66.67";" 2.48";"dix";"1.154742e-01"
"  2";"   3";" 66.67";" 2.48";"59";"1.154742e-01"
" 12";"  31";" 38.71";" 2.39";"b";"1.224120e-01"
"  4";"   8";" 50.00";" 2.26";"auprès";"1.325042e-01"
"  5";"  11";" 45.45";" 2.03";"ceux_ci";"1.547228e-01"
"*";"*";"*";"*";"*";"*"
" 49";" 61";"80.33";"93.58";"*date_1952-06-28";"3.898482e-22"
"214";"535";"40.00";"70.60";"*location_ruhr";"4.374474e-17"
" 30";" 40";"75.00";"49.21";"*pers_Westrick-Ludger";"2.301463e-12"
" 21";" 26";"80.77";"39.74";"*pers_Willner-Sydney-H";"2.899539e-10"
" 21";" 26";"80.77";"39.74";"*date_1952-07-01";"2.899539e-10"
" 21";" 26";"80.77";"39.74";"*pers_Henle-Guenter";"2.899539e-10"
" 25";" 35";"71.43";"36.84";"*location_la-haye";"1.284336e-09"
" 29";" 49";"59.18";"27.48";"*date_1950-08-14";"1.585598e-07"
" 16";" 21";"76.19";"26.83";"*date_1951-03-9";"2.222727e-07"
" 16";" 21";"76.19";"26.83";"*pers_Hoffmann-Johannes";"2.222727e-07"
" 25";" 41";"60.98";"25.47";"*date_1951-01-22";"4.483906e-07"
" 67";"153";"43.79";"25.45";"*pers_McCloy-Jonh-Jay";"4.531266e-07"
"107";"279";"38.35";"23.54";"*pers_Adenauer-Konrad";"1.221857e-06"
" 77";"186";"41.40";"23.42";"*location_sarre";"1.304835e-06"
" 20";" 32";"62.50";"21.57";"*pers_Van-Helmont-Jacques";"3.408457e-06"
" 20";" 32";"62.50";"21.57";"*date_1950-11-30";"3.408457e-06"
" 20";" 32";"62.50";"21.57";"*pers_Desjeunes-Suzanne";"3.408457e-06"
" 33";" 65";"50.77";"20.26";"*pers_Le-Vert-Paul-Maurice";"6.759090e-06"
" 10";" 12";"83.33";"19.96";"*location_inde";"7.907468e-06"
"121";"335";"36.12";"19.29";"*location_luxembourg";"1.121923e-05"
" 32";" 67";"47.76";"16.03";"*pers_Erhard-Ludwig";"6.219911e-05"
"  7";"  8";"87.50";"15.30";"*location_genève";"9.184634e-05"
"  7";"  8";"87.50";"15.30";"*date_1951-10-10";"9.184634e-05"
"  7";"  8";"87.50";"15.30";"*pers_Brunet-Jean-Pierre";"9.184634e-05"
" 10";" 14";"71.43";"14.56";"*date_1952-07-29";"1.357126e-04"
" 10";" 14";"71.43";"14.56";"*date_1953-01-06";"1.357126e-04"
" 66";"172";"38.37";"13.60";"*pers_Louvel-Jean-Marie";"2.258252e-04"
"  9";" 13";"69.23";"12.22";"*pers_Serrarens-Petrus";"4.723900e-04"
"  9";" 13";"69.23";"12.22";"*pers_Finnet-Paul-C.E.";"4.723900e-04"
"  9";" 14";"64.29";"10.29";"*date_1952-02-15";"1.334966e-03"
" 86";"247";"34.82";"10.01";"*pers_Hallstein-Walter";"1.557846e-03"
"  7";" 10";"70.00";" 9.73";"*date_1951-03-10";"1.815935e-03"
" 67";"186";"36.02";" 9.52";"*location_strasbourg";"2.033112e-03"
" 19";" 40";"47.50";" 9.19";"*date_1951-02-3";"2.427473e-03"
" 26";" 60";"43.33";" 8.95";"*pers_Bowie-Robert-Richardson";"2.773419e-03"
"  7";" 11";"63.64";" 7.80";"*date_1951-09-25";"5.228726e-03"
" 72";"210";"34.29";" 7.27";"*location_pays-bas";"6.996840e-03"
" 25";" 60";"41.67";" 7.26";"*pers_Bruce-David";"7.049977e-03"
" 74";"219";"33.79";" 6.68";"*location_belgique";"9.744947e-03"
"  9";" 17";"52.94";" 6.12";"*pers_Valéry-François";"1.334943e-02"
"  9";" 17";"52.94";" 6.12";"*pers_Suetens-Max";"1.334943e-02"
"  9";" 17";"52.94";" 6.12";"*pers_Charpentier-Pierre-Albert";"1.334943e-02"
"  9";" 17";"52.94";" 6.12";"*pers_Poher-Alain-Emile-Louis-Marie";"1.334943e-02"
"136";"438";"31.05";" 5.98";"*location_italie";"1.442854e-02"
" 10";" 20";"50.00";" 5.70";"*date_1950-09-28";"1.700743e-02"
"  5";"  8";"62.50";" 5.32";"*date_1952-07-18";"2.107751e-02"
"  6";" 11";"54.55";" 4.44";"*date_1951-01-17";"3.504656e-02"
" 10";" 22";"45.45";" 4.08";"*date_1950-12-28";"4.351479e-02"
"  5";"  9";"55.56";" 3.90";"*date_1952-07-23";"4.834660e-02"
" 15";" 38";"39.47";" 3.32";"*pers_Spierenburg-Dirk-Pieter";"6.853758e-02"
"183";"629";"29.09";" 3.18";"*location_allemagne";"7.438378e-02"
"129";"437";"29.52";" 2.59";"*location_benelux";"1.075072e-01"
" 61";"195";"31.28";" 2.50";"*date_1950-12-4";"1.139536e-01"
"  2";"  3";"66.67";" 2.48";"*date_1953-04-27";"1.154742e-01"
"  8";" 19";"42.11";" 2.38";"*pers_Tomlinson-William-Mahon";"1.230375e-01"
" 18";" 50";"36.00";" 2.35";"*pers_François-Poncet-André";"1.254052e-01"
" 16";" 44";"36.36";" 2.22";"*location_berlin";"1.361148e-01"
"**";"classe";"2";"**";"";""
"****";"507";"1792";"28.29";"****";""
"135";"184";" 73.37";"205.38";"europe";"1.402652e-46"
"113";"159";" 71.07";"157.37";"allemagne";"4.242993e-36"
" 51";" 56";" 91.07";"112.30";"ouest";"3.075159e-26"
"103";"177";" 58.19";" 86.54";"allemand";"1.366657e-20"
" 55";" 73";" 75.34";" 83.04";"défense";"8.054324e-20"
" 41";" 56";" 73.21";" 57.50";"problème";"3.382264e-14"
" 47";" 71";" 66.20";" 52.36";"grand";"4.629326e-13"
" 24";" 27";" 88.89";" 49.62";"réarmement";"1.870370e-12"
" 21";" 22";" 95.45";" 49.52";"armée";"1.961237e-12"
" 26";" 31";" 83.87";" 48.03";"bretagne";"4.195766e-12"
" 61";"107";" 57.01";" 46.26";"politique";"1.037971e-11"
" 65";"117";" 55.56";" 45.86";"européen";"1.270690e-11"
" 26";" 32";" 81.25";" 45.04";"atlantique";"1.930682e-11"
" 74";"141";" 52.48";" 44.14";"france";"3.055619e-11"
" 34";" 49";" 69.39";" 41.94";"force";"9.431083e-11"
" 27";" 36";" 75.00";" 39.51";"solution";"3.271633e-10"
" 17";" 18";" 94.44";" 39.22";"continental";"3.786307e-10"
" 31";" 45";" 68.89";" 37.50";"militaire";"9.154262e-10"
" 24";" 32";" 75.00";" 35.04";"cadre";"3.236573e-09"
" 18";" 21";" 85.71";" 34.53";"occidental";"4.186734e-09"
" 36";" 58";" 62.07";" 33.71";"effort";"6.408908e-09"
" 21";" 27";" 77.78";" 33.09";"paix";"8.806320e-09"
" 12";" 12";"100.00";" 30.62";"angleterre";"3.139647e-08"
" 13";" 14";" 92.86";" 28.99";"risque";"7.264843e-08"
" 24";" 36";" 66.67";" 26.67";"moment";"2.418169e-07"
" 26";" 41";" 63.41";" 25.51";"poursuivre";"4.393705e-07"
" 13";" 15";" 86.67";" 25.41";"division";"4.642856e-07"
" 24";" 37";" 64.86";" 24.91";"participation";"6.013795e-07"
" 16";" 21";" 76.19";" 24.03";"laisser";"9.488493e-07"
" 11";" 12";" 91.67";" 23.92";"continent";"1.006280e-06"
"  9";"  9";"100.00";" 22.93";"dominer";"1.683774e-06"
"  9";"  9";"100.00";" 22.93";"russe";"1.683774e-06"
"  9";"  9";"100.00";" 22.93";"positif";"1.683774e-06"
" 21";" 32";" 65.62";" 22.38";"créer";"2.233532e-06"
" 13";" 16";" 81.25";" 22.32";"intégration";"2.311478e-06"
" 13";" 16";" 81.25";" 22.32";"évident";"2.311478e-06"
" 16";" 22";" 72.73";" 21.68";"guerre";"3.226295e-06"
" 38";" 73";" 52.05";" 21.18";"unir";"4.180627e-06"
" 11";" 13";" 84.62";" 20.48";"perspective";"6.038908e-06"
" 11";" 13";" 84.62";" 20.48";"homme";"6.038908e-06"
"  8";"  8";"100.00";" 20.37";"reconstitution";"6.392071e-06"
"  8";"  8";"100.00";" 20.37";"espoir";"6.392071e-06"
"  8";"  8";"100.00";" 20.37";"dynamique";"6.392071e-06"
" 27";" 47";" 57.45";" 20.22";"contribution";"6.897314e-06"
" 12";" 15";" 80.00";" 19.93";"libre";"8.012180e-06"
" 18";" 27";" 66.67";" 19.90";"peuple";"8.170043e-06"
" 22";" 36";" 61.11";" 19.50";"initiative";"1.003893e-05"
" 71";"165";" 43.03";" 19.46";"communauté";"1.029041e-05"
" 27";" 48";" 56.25";" 19.00";"proposition";"1.305881e-05"
"  9";" 10";" 90.00";" 18.87";"pacifique";"1.396162e-05"
"  9";" 10";" 90.00";" 18.87";"concret";"1.396162e-05"
" 10";" 12";" 83.33";" 18.04";"démocratique";"2.163163e-05"
"  7";"  7";"100.00";" 17.81";"commandement";"2.439441e-05"
" 74";"177";" 41.81";" 17.68";"schuman";"2.608820e-05"
" 11";" 14";" 78.57";" 17.58";"rechercher";"2.751544e-05"
" 11";" 14";" 78.57";" 17.58";"mener";"2.751544e-05"
" 26";" 47";" 55.32";" 17.38";"réalisation";"3.063977e-05"
" 12";" 16";" 75.00";" 17.36";"danger";"3.092333e-05"
" 40";" 83";" 48.19";" 16.99";"national";"3.760241e-05"
"  8";"  9";" 88.89";" 16.37";"réalité";"5.206180e-05"
"  8";"  9";" 88.89";" 16.37";"liberté";"5.206180e-05"
"  8";"  9";" 88.89";" 16.37";"efficace";"5.206180e-05"
"  8";"  9";" 88.89";" 16.37";"constamment";"5.206180e-05"
"  8";"  9";" 88.89";" 16.37";"clairement";"5.206180e-05"
"  8";"  9";" 88.89";" 16.37";"accomplir";"5.206180e-05"
"  9";" 11";" 81.82";" 15.63";"changer";"7.702495e-05"
" 14";" 21";" 66.67";" 15.42";"constitution";"8.591216e-05"
" 24";" 44";" 54.55";" 15.32";"forme";"9.055637e-05"
" 35";" 72";" 48.61";" 15.27";"essentiel";"9.342827e-05"
" 10";" 13";" 76.92";" 15.26";"opposition";"9.344229e-05"
" 10";" 13";" 76.92";" 15.26";"attitude";"9.344229e-05"
"  6";"  6";"100.00";" 15.26";"dangereux";"9.376935e-05"
" 13";" 19";" 68.42";" 15.24";"union";"9.455057e-05"
" 12";" 17";" 70.59";" 15.13";"voie";"1.001531e-04"
" 23";" 42";" 54.76";" 14.85";"nouveau";"1.162415e-04"
"  7";"  8";" 87.50";" 13.89";"soviétique";"1.943204e-04"
"  7";"  8";" 87.50";" 13.89";"indépendamment";"1.943204e-04"
"  7";"  8";" 87.50";" 13.89";"armement";"1.943204e-04"
" 13";" 20";" 65.00";" 13.43";"unité";"2.472041e-04"
"  8";" 10";" 80.00";" 13.25";"commencer";"2.721900e-04"
" 10";" 14";" 71.43";" 12.94";"réel";"3.213898e-04"
" 10";" 14";" 71.43";" 12.94";"idée";"3.213898e-04"
"  5";"  5";"100.00";" 12.71";"agression";"3.640865e-04"
"  5";"  5";"100.00";" 12.71";"profond";"3.640865e-04"
"  5";"  5";"100.00";" 12.71";"historique";"3.640865e-04"
" 30";" 63";" 47.62";" 12.02";"aller";"5.258849e-04"
" 13";" 21";" 61.90";" 11.83";"avenir";"5.818456e-04"
" 16";" 28";" 57.14";" 11.67";"opinion";"6.351913e-04"
" 11";" 17";" 64.71";" 11.22";"apparaître";"8.105035e-04"
"  7";"  9";" 77.78";" 10.92";"détermination";"9.522843e-04"
"  7";"  9";" 77.78";" 10.92";"direction";"9.522843e-04"
"  7";"  9";" 77.78";" 10.92";"changement";"9.522843e-04"
"  9";" 13";" 69.23";" 10.82";"élément";"1.005394e-03"
"  8";" 11";" 72.73";" 10.77";"arriver";"1.030705e-03"
"  4";"  4";"100.00";" 10.16";"solidarité";"1.434625e-03"
"  4";"  4";"100.00";" 10.16";"réaffirmation";"1.434625e-03"
"  4";"  4";"100.00";" 10.16";"prospérité";"1.434625e-03"
"  4";"  4";"100.00";" 10.16";"négatif";"1.434625e-03"
"  4";"  4";"100.00";" 10.16";"leader";"1.434625e-03"
" 26";" 55";" 47.27";" 10.08";"action";"1.502423e-03"
" 15";" 27";" 55.56";" 10.04";"pied";"1.529079e-03"
" 15";" 27";" 55.56";" 10.04";"esprit";"1.529079e-03"
" 31";" 69";" 44.93";"  9.79";"création";"1.756007e-03"
" 90";"246";" 36.59";"  9.67";"plan";"1.877087e-03"
" 28";" 61";" 45.90";"  9.65";"accepter";"1.891477e-03"
" 11";" 18";" 61.11";"  9.65";"sein";"1.890374e-03"
" 23";" 48";" 47.92";"  9.36";"apporter";"2.214900e-03"
" 10";" 16";" 62.50";"  9.31";"préparation";"2.277060e-03"
" 10";" 16";" 62.50";"  9.31";"monde";"2.277060e-03"
" 13";" 23";" 56.52";"  9.15";"association";"2.484807e-03"
" 19";" 38";" 50.00";"  9.02";"objectif";"2.674252e-03"
"  5";"  6";" 83.33";"  8.99";"unification";"2.715088e-03"
"  5";"  6";" 83.33";"  8.99";"perdre";"2.715088e-03"
"  5";"  6";" 83.33";"  8.99";"efficacité";"2.715088e-03"
"  5";"  6";" 83.33";"  8.99";"domination";"2.715088e-03"
"  5";"  6";" 83.33";"  8.99";"coopérer";"2.715088e-03"
"  5";"  6";" 83.33";"  8.99";"abandonner";"2.715088e-03"
" 25";" 54";" 46.30";"  8.90";"situation";"2.858453e-03"
"  8";" 12";" 66.67";"  8.77";"amener";"3.064136e-03"
"  6";"  8";" 75.00";"  8.64";"événement";"3.286488e-03"
"  6";"  8";" 75.00";"  8.64";"surmonter";"3.286488e-03"
"  6";"  8";" 75.00";"  8.64";"sortir";"3.286488e-03"
"  7";" 10";" 70.00";"  8.62";"principal";"3.320640e-03"
"  7";" 10";" 70.00";"  8.62";"essentiellement";"3.320640e-03"
"  7";" 10";" 70.00";"  8.62";"attacher";"3.320640e-03"
" 14";" 26";" 53.85";"  8.49";"seul";"3.567703e-03"
" 11";" 19";" 57.89";"  8.29";"amérique";"3.976145e-03"
" 13";" 24";" 54.17";"  8.03";"mai";"4.607834e-03"
"  3";"  3";"100.00";"  7.62";"orage";"5.784302e-03"
"  3";"  3";"100.00";"  7.62";"état_major";"5.784302e-03"
"  3";"  3";"100.00";"  7.62";"voisin";"5.784302e-03"
"  3";"  3";"100.00";"  7.62";"vivant";"5.784302e-03"
"  3";"  3";"100.00";"  7.62";"tension";"5.784302e-03"
"  3";"  3";"100.00";"  7.62";"séculaire";"5.784302e-03"
"  3";"  3";"100.00";"  7.62";"rassemblement";"5.784302e-03"
"  3";"  3";"100.00";"  7.62";"plébiscite";"5.784302e-03"
"  3";"  3";"100.00";"  7.62";"pensée";"5.784302e-03"
"  3";"  3";"100.00";"  7.62";"nécessairement";"5.784302e-03"
"  3";"  3";"100.00";"  7.62";"militairement";"5.784302e-03"
"  3";"  3";"100.00";"  7.62";"impasse";"5.784302e-03"
"  3";"  3";"100.00";"  7.62";"hâter";"5.784302e-03"
"  3";"  3";"100.00";"  7.62";"fatalité";"5.784302e-03"
"  3";"  3";"100.00";"  7.62";"ensanglanté";"5.784302e-03"
"  3";"  3";"100.00";"  7.62";"désuni";"5.784302e-03"
"  3";"  3";"100.00";"  7.62";"destin";"5.784302e-03"
"  3";"  3";"100.00";"  7.62";"climat";"5.784302e-03"
"  3";"  3";"100.00";"  7.62";"beau";"5.784302e-03"
"  3";"  3";"100.00";"  7.62";"accueillir";"5.784302e-03"
"  3";"  3";"100.00";"  7.62";"abandon";"5.784302e-03"
"  9";" 15";" 60.00";"  7.50";"immédiat";"6.183403e-03"
"  8";" 13";" 61.54";"  7.13";"révision";"7.562379e-03"
"  8";" 13";" 61.54";"  7.13";"devenir";"7.562379e-03"
"  8";" 13";" 61.54";"  7.13";"intégrer";"7.562379e-03"
"  8";" 13";" 61.54";"  7.13";"doute";"7.562379e-03"
" 11";" 20";" 55.00";"  7.11";"allié";"7.660683e-03"
"  7";" 11";" 63.64";"  6.81";"exister";"9.039842e-03"
"  7";" 11";" 63.64";"  6.81";"véritable";"9.039842e-03"
"  7";" 11";" 63.64";"  6.81";"large";"9.039842e-03"
" 10";" 18";" 55.56";"  6.66";"nato";"9.851652e-03"
" 10";" 18";" 55.56";"  6.66";"poser";"9.851652e-03"
" 10";" 18";" 55.56";"  6.66";"empêcher";"9.851652e-03"
" 14";" 28";" 50.00";"  6.61";"souveraineté";"1.015949e-02"
" 14";" 28";" 50.00";"  6.61";"montrer";"1.015949e-02"
"  4";"  5";" 80.00";"  6.61";"unifier";"1.015330e-02"
"  4";"  5";" 80.00";"  6.61";"origine";"1.015330e-02"
"  4";"  5";" 80.00";"  6.61";"mutuel";"1.015330e-02"
"  4";"  5";" 80.00";"  6.61";"fédération";"1.015330e-02"
"  4";"  5";" 80.00";"  6.61";"fonder";"1.015330e-02"
"  4";"  5";" 80.00";"  6.61";"degré";"1.015330e-02"
"  4";"  5";" 80.00";"  6.61";"appuyer";"1.015330e-02"
"  6";"  9";" 66.67";"  6.57";"uni";"1.039690e-02"
"  5";"  7";" 71.43";"  6.45";"mondial";"1.112438e-02"
"  5";"  7";" 71.43";"  6.45";"retrouver";"1.112438e-02"
"  5";"  7";" 71.43";"  6.45";"lien";"1.112438e-02"
"  5";"  7";" 71.43";"  6.45";"complètement";"1.112438e-02"
" 26";" 61";" 42.62";"  6.39";"organisation";"1.146129e-02"
"  9";" 16";" 56.25";"  6.22";"éliminer";"1.263263e-02"
"  9";" 16";" 56.25";"  6.22";"effectif";"1.263263e-02"
"  9";" 16";" 56.25";"  6.22";"définir";"1.263263e-02"
" 17";" 37";" 45.95";"  5.80";"participer";"1.599419e-02"
"  8";" 14";" 57.14";"  5.79";"séparer";"1.612667e-02"
" 18";" 40";" 45.00";"  5.63";"relation";"1.766242e-02"
" 10";" 19";" 52.63";"  5.61";"développer";"1.788508e-02"
"  7";" 12";" 58.33";"  5.37";"courir";"2.044006e-02"
" 28";" 69";" 40.58";"  5.34";"actuel";"2.083583e-02"
"  6";" 10";" 60.00";"  4.98";"consacrer";"2.559233e-02"
"  6";" 10";" 60.00";"  4.98";"britannique";"2.559233e-02"
" 12";" 25";" 48.00";"  4.85";"actuellement";"2.758681e-02"
" 16";" 36";" 44.44";"  4.72";"public";"2.973969e-02"
"  8";" 15";" 53.33";"  4.68";"volonté";"3.059976e-02"
" 23";" 56";" 41.07";"  4.65";"négociation";"3.099872e-02"
"  5";"  8";" 62.50";"  4.63";"conduire";"3.132746e-02"
"  5";"  8";" 62.50";"  4.63";"tentation";"3.132746e-02"
"  5";"  8";" 62.50";"  4.63";"satisfaisant";"3.132746e-02"
"  5";"  8";" 62.50";"  4.63";"renforcer";"3.132746e-02"
"  5";"  8";" 62.50";"  4.63";"annuel";"3.132746e-02"
" 28";" 71";" 39.44";"  4.53";"ensemble";"3.339081e-02"
"  4";"  6";" 66.67";"  4.37";"évidemment";"3.658321e-02"
"  4";"  6";" 66.67";"  4.37";"susceptible";"3.658321e-02"
"  4";"  6";" 66.67";"  4.37";"renoncer";"3.658321e-02"
"  4";"  6";" 66.67";"  4.37";"reconstituer";"3.658321e-02"
"  4";"  6";" 66.67";"  4.37";"opposé";"3.658321e-02"
"  4";"  6";" 66.67";"  4.37";"naître";"3.658321e-02"
"  4";"  6";" 66.67";"  4.37";"majeur";"3.658321e-02"
"  4";"  6";" 66.67";"  4.37";"instrument";"3.658321e-02"
"  4";"  6";" 66.67";"  4.37";"inquiétude";"3.658321e-02"
"  4";"  6";" 66.67";"  4.37";"fonctionner";"3.658321e-02"
"  4";"  6";" 66.67";"  4.37";"commencement";"3.658321e-02"
"  3";"  4";" 75.00";"  4.31";"froid";"3.786840e-02"
"  3";"  4";" 75.00";"  4.31";"résoudre";"3.786840e-02"
"  3";"  4";" 75.00";"  4.31";"réciproque";"3.786840e-02"
"  3";"  4";" 75.00";"  4.31";"ramener";"3.786840e-02"
"  3";"  4";" 75.00";"  4.31";"psychologique";"3.786840e-02"
"  3";"  4";" 75.00";"  4.31";"progressif";"3.786840e-02"
"  3";"  4";" 75.00";"  4.31";"peser";"3.786840e-02"
"  3";"  4";" 75.00";"  4.31";"occuper";"3.786840e-02"
"  3";"  4";" 75.00";"  4.31";"librement";"3.786840e-02"
"  3";"  4";" 75.00";"  4.31";"incorporation";"3.786840e-02"
"  3";"  4";" 75.00";"  4.31";"détourner";"3.786840e-02"
"  3";"  4";" 75.00";"  4.31";"corée";"3.786840e-02"
"  3";"  4";" 75.00";"  4.31";"conviction";"3.786840e-02"
"  3";"  4";" 75.00";"  4.31";"construction";"3.786840e-02"
"  3";"  4";" 75.00";"  4.31";"conscience";"3.786840e-02"
"  3";"  4";" 75.00";"  4.31";"concevoir";"3.786840e-02"
"  3";"  4";" 75.00";"  4.31";"articulation";"3.786840e-02"
"  7";" 13";" 53.85";"  4.21";"organiser";"4.007224e-02"
"  7";" 13";" 53.85";"  4.21";"existence";"4.007224e-02"
" 16";" 37";" 43.24";"  4.16";"penser";"4.132742e-02"
"  6";" 11";" 54.55";"  3.76";"élargir";"5.249172e-02"
"  6";" 11";" 54.55";"  3.76";"marquer";"5.249172e-02"
"  6";" 11";" 54.55";"  3.76";"anglais";"5.249172e-02"
" 62";"180";" 34.44";"  3.73";"pays";"5.335029e-02"
" 11";" 24";" 45.83";"  3.69";"déclaration";"5.476460e-02"
" 19";" 47";" 40.43";"  3.50";"rendre";"6.128453e-02"
" 21";" 53";" 39.62";"  3.46";"temps";"6.302776e-02"
" 23";" 59";" 38.98";"  3.44";"développement";"6.375616e-02"
"  9";" 19";" 47.37";"  3.44";"contribuer";"6.346362e-02"
"  5";"  9";" 55.56";"  3.31";"chose";"6.869418e-02"
"  5";"  9";" 55.56";"  3.31";"étape";"6.869418e-02"
"  5";"  9";" 55.56";"  3.31";"universel";"6.869418e-02"
"  5";"  9";" 55.56";"  3.31";"faveur";"6.869418e-02"
"  5";"  9";" 55.56";"  3.31";"entreprendre";"6.869418e-02"
"  5";"  9";" 55.56";"  3.31";"chiffre";"6.869418e-02"
"  7";" 14";" 50.00";"  3.28";"supranationale";"7.024240e-02"
"  4";"  7";" 57.14";"  2.88";"diriger";"8.951055e-02"
"  4";"  7";" 57.14";"  2.88";"confiance";"8.951055e-02"
"  4";"  7";" 57.14";"  2.88";"but";"8.951055e-02"
"  4";"  7";" 57.14";"  2.88";"avantage";"8.951055e-02"
"  4";"  7";" 57.14";"  2.88";"arrangement";"8.951055e-02"
"  6";" 12";" 50.00";"  2.81";"soutenir";"9.391239e-02"
"  6";" 12";" 50.00";"  2.81";"risquer";"9.391239e-02"
"  6";" 12";" 50.00";"  2.81";"contraire";"9.391239e-02"
"  6";" 12";" 50.00";"  2.81";"benelux";"9.391239e-02"
"  9";" 20";" 45.00";"  2.78";"partir";"9.527582e-02"
"  9";" 20";" 45.00";"  2.78";"passer";"9.527582e-02"
" 11";" 26";" 42.31";"  2.55";"éviter";"1.099874e-01"
"  7";" 15";" 46.67";"  2.52";"préoccupation";"1.126068e-01"
"  3";"  5";" 60.00";"  2.48";"vrai";"1.149579e-01"
"  3";"  5";" 60.00";"  2.48";"shape";"1.149579e-01"
"  3";"  5";" 60.00";"  2.48";"extrêmement";"1.149579e-01"
"  3";"  5";" 60.00";"  2.48";"dégager";"1.149579e-01"
"  3";"  5";" 60.00";"  2.48";"défendre";"1.149579e-01"
"  3";"  5";" 60.00";"  2.48";"durable";"1.149579e-01"
"  3";"  5";" 60.00";"  2.48";"douter";"1.149579e-01"
"  3";"  5";" 60.00";"  2.48";"critique";"1.149579e-01"
"  3";"  5";" 60.00";"  2.48";"considérable";"1.149579e-01"
" 13";" 32";" 40.62";"  2.44";"international";"1.180819e-01"
" 18";" 47";" 38.30";"  2.38";"indispensable";"1.227671e-01"
" 16";" 41";" 39.02";"  2.38";"comprendre";"1.227323e-01"
"  8";" 18";" 44.44";"  2.34";"face";"1.262377e-01"
"  5";" 10";" 50.00";"  2.34";"nom";"1.264375e-01"
"  5";" 10";" 50.00";"  2.34";"naturellement";"1.264375e-01"
"  5";" 10";" 50.00";"  2.34";"jouer";"1.264375e-01"
"  5";" 10";" 50.00";"  2.34";"bref";"1.264375e-01"
"  2";"  3";" 66.67";"  2.18";"évidence";"1.397063e-01"
"  2";"  3";" 66.67";"  2.18";"voix";"1.397063e-01"
"  2";"  3";" 66.67";"  2.18";"vivre";"1.397063e-01"
"  2";"  3";" 66.67";"  2.18";"tête";"1.397063e-01"
"  2";"  3";" 66.67";"  2.18";"témoigner";"1.397063e-01"
"  2";"  3";" 66.67";"  2.18";"transformer";"1.397063e-01"
"  2";"  3";" 66.67";"  2.18";"spécifique";"1.397063e-01"
"  2";"  3";" 66.67";"  2.18";"soupçon";"1.397063e-01"
"  2";"  3";" 66.67";"  2.18";"souffrir";"1.397063e-01"
"  2";"  3";" 66.67";"  2.18";"réticent";"1.397063e-01"
"  2";"  3";" 66.67";"  2.18";"restriction";"1.397063e-01"
"  2";"  3";" 66.67";"  2.18";"précédent";"1.397063e-01"
"  2";"  3";" 66.67";"  2.18";"progresser";"1.397063e-01"
"  2";"  3";" 66.67";"  2.18";"pression";"1.397063e-01"
"  2";"  3";" 66.67";"  2.18";"petit";"1.397063e-01"
"  2";"  3";" 66.67";"  2.18";"pacte";"1.397063e-01"
"  2";"  3";" 66.67";"  2.18";"ouvert";"1.397063e-01"
"  2";"  3";" 66.67";"  2.18";"organique";"1.397063e-01"
"  2";"  3";" 66.67";"  2.18";"organe";"1.397063e-01"
"  2";"  3";" 66.67";"  2.18";"normal";"1.397063e-01"
"  2";"  3";" 66.67";"  2.18";"mêler";"1.397063e-01"
"  2";"  3";" 66.67";"  2.18";"lourd";"1.397063e-01"
"  2";"  3";" 66.67";"  2.18";"justement";"1.397063e-01"
"  2";"  3";" 66.67";"  2.18";"inévitablement";"1.397063e-01"
"  2";"  3";" 66.67";"  2.18";"interpréter";"1.397063e-01"
"  2";"  3";" 66.67";"  2.18";"insistance";"1.397063e-01"
"  2";"  3";" 66.67";"  2.18";"incorporer";"1.397063e-01"
"  2";"  3";" 66.67";"  2.18";"incertitude";"1.397063e-01"
"  2";"  3";" 66.67";"  2.18";"inacceptable";"1.397063e-01"
"  2";"  3";" 66.67";"  2.18";"histoire";"1.397063e-01"
"  2";"  3";" 66.67";"  2.18";"géographique";"1.397063e-01"
"  2";"  3";" 66.67";"  2.18";"faiblesse";"1.397063e-01"
"  2";"  3";" 66.67";"  2.18";"exemple";"1.397063e-01"
"  2";"  3";" 66.67";"  2.18";"etats";"1.397063e-01"
"  2";"  3";" 66.67";"  2.18";"entité";"1.397063e-01"
"  2";"  3";" 66.67";"  2.18";"encourager";"1.397063e-01"
"  2";"  3";" 66.67";"  2.18";"doter";"1.397063e-01"
"  2";"  3";" 66.67";"  2.18";"diversité";"1.397063e-01"
"  2";"  3";" 66.67";"  2.18";"céder";"1.397063e-01"
"  2";"  3";" 66.67";"  2.18";"corps";"1.397063e-01"
"  2";"  3";" 66.67";"  2.18";"contexte";"1.397063e-01"
"  2";"  3";" 66.67";"  2.18";"confirmation";"1.397063e-01"
"  2";"  3";" 66.67";"  2.18";"concerter";"1.397063e-01"
"  2";"  3";" 66.67";"  2.18";"collaborer";"1.397063e-01"
"  2";"  3";" 66.67";"  2.18";"capable";"1.397063e-01"
"  2";"  3";" 66.67";"  2.18";"bénéfice";"1.397063e-01"
"  2";"  3";" 66.67";"  2.18";"approcher";"1.397063e-01"
"  2";"  3";" 66.67";"  2.18";"allèmagne";"1.397063e-01"
"  2";"  3";" 66.67";"  2.18";"aborder";"1.397063e-01"
" 13";" 33";" 39.39";"  2.04";"trouver";"1.529796e-01"
" 14";" 36";" 38.89";"  2.03";"réponse";"1.538849e-01"
"*****";"*";"*";"*";"*";"*"
"215";" 535";" 40.19";"53.19";"une";"3.030947e-13"
" 72";" 146";" 49.32";"34.63";"se";"3.995526e-09"
" 26";"  41";" 63.41";"25.51";"on";"4.393705e-07"
"170";" 461";" 36.88";"22.54";"dans";"2.055589e-06"
"350";"1087";" 32.20";"20.78";"l";"5.148048e-06"
" 64";" 146";" 43.84";"18.93";"si";"1.357381e-05"
" 58";" 130";" 44.62";"18.41";"mais";"1.782791e-05"
" 10";"  13";" 76.92";"15.26";"parce_que";"9.344229e-05"
"115";" 308";" 37.34";"15.00";"nous";"1.075706e-04"
" 20";"  36";" 55.56";"13.46";"falloir";"2.437530e-04"
"  5";"   5";"100.00";"12.71";"u";"3.640865e-04"
" 63";" 156";" 40.38";"12.32";"plus";"4.491908e-04"
" 48";" 114";" 42.11";"11.45";"elle";"7.151725e-04"
"388";"1268";" 30.60";"11.38";"la";"7.441928e-04"
"  4";"   4";"100.00";"10.16";"vite";"1.434625e-03"
" 24";"  51";" 47.06";" 9.11";"tous";"2.538706e-03"
" 39";"  93";" 41.94";" 9.00";"c";"2.700580e-03"
" 13";"  24";" 54.17";" 8.03";"telle";"4.607834e-03"
"  3";"   3";"100.00";" 7.62";"quelque";"5.784302e-03"
" 16";"  32";" 50.00";" 7.57";"alors";"5.942384e-03"
" 43";" 108";" 39.81";" 7.52";"notre";"6.098662e-03"
" 27";"  62";" 43.55";" 7.37";"où";"6.640795e-03"
"  8";"  13";" 61.54";" 7.13";"selon";"7.562379e-03"
"  6";"   9";" 66.67";" 6.57";"1954";"1.039690e-02"
" 31";"  75";" 41.33";" 6.56";"ils";"1.042019e-02"
" 12";"  23";" 52.17";" 6.55";"9";"1.048976e-02"
"  5";"   7";" 71.43";" 6.45";"fort";"1.112438e-02"
"  8";"  14";" 57.14";" 5.79";"vers";"1.612667e-02"
"131";" 396";" 33.08";" 5.75";"ne";"1.653528e-02"
" 34";"  86";" 39.53";" 5.63";"y";"1.767684e-02"
" 10";"  19";" 52.63";" 5.61";"car";"1.788508e-02"
" 90";" 263";" 34.22";" 5.34";"pas";"2.084969e-02"
" 16";"  35";" 45.71";" 5.34";"toute";"2.083446e-02"
"322";"1063";" 30.29";" 5.15";"et";"2.327477e-02"
"  9";"  17";" 52.94";" 5.14";"lequel";"2.338372e-02"
"228";" 741";" 30.77";" 3.82";"d";"5.063255e-02"
" 28";"  73";" 38.36";" 3.80";"tout";"5.128304e-02"
"316";"1054";" 29.98";" 3.60";"être";"5.788178e-02"
"  5";"   9";" 55.56";" 3.31";"jusqu";"6.869418e-02"
" 82";" 248";" 33.06";" 3.23";"cette";"7.225970e-02"
"  4";"   7";" 57.14";" 2.88";"surtout";"8.951055e-02"
"  4";"   7";" 57.14";" 2.88";"mieux";"8.951055e-02"
"  7";"  15";" 46.67";" 2.52";"celui_ci";"1.126068e-01"
"  3";"   5";" 60.00";" 2.48";"quel";"1.149579e-01"
"  3";"   5";" 60.00";" 2.48";"presque";"1.149579e-01"
" 77";" 237";" 32.49";" 2.37";"devoir";"1.235751e-01"
"  5";"  10";" 50.00";" 2.34";"auxquelles";"1.264375e-01"
" 99";" 311";" 31.83";" 2.32";"faire";"1.273160e-01"
"  2";"   3";" 66.67";" 2.18";"unes";"1.397063e-01"
"  2";"   3";" 66.67";" 2.18";"puisque";"1.397063e-01"
"  2";"   3";" 66.67";" 2.18";"o";"1.397063e-01"
"  2";"   3";" 66.67";" 2.18";"moindre";"1.397063e-01"
"  2";"   3";" 66.67";" 2.18";"lendemain";"1.397063e-01"
"  2";"   3";" 66.67";" 2.18";"certaine";"1.397063e-01"
"  6";"  13";" 46.15";" 2.06";"vis_à_vis";"1.512875e-01"
"  6";"  13";" 46.15";" 2.06";"cela";"1.512875e-01"
"*";"*";"*";"*";"*";"*"
"122";" 148";"82.43";"233.08";"*location_corée";"1.271418e-52"
"321";" 691";"46.45";"182.86";"*location_europe";"1.150188e-41"
"171";" 287";"59.58";"164.91";"*location_atlantique";"9.575363e-38"
"108";" 150";"72.00";"154.15";"*location_new-york";"2.150947e-35"
"128";" 216";"59.26";"116.09";"*location_amérique";"4.542289e-27"
" 89";" 131";"67.94";"109.50";"*location_royaume-uni";"1.260944e-25"
"127";" 231";"54.98";" 93.08";"*pers_Pleven-René";"5.010980e-22"
" 56";"  75";"74.67";" 82.98";"*pers_Parodi-Alexandre";"8.309334e-20"
" 56";"  75";"74.67";" 82.98";"*pers_Couve-de-Murville-Jacques-Maurice";"8.309334e-20"
" 46";"  57";"80.70";" 79.71";"*date_1950-09-18";"4.342883e-19"
" 55";"  75";"73.33";" 78.27";"*pers_Bevin-Ernest";"8.976898e-19"
"413";"1185";"34.85";" 74.20";"*location_france";"7.044114e-18"
" 30";"  34";"88.24";" 61.38";"*location_angleterre";"4.701831e-15"
" 30";"  34";"88.24";" 61.38";"*date_1950-09-22";"4.701831e-15"
" 39";"  51";"76.47";" 60.06";"*date_1950-05-01";"9.207569e-15"
" 46";"  68";"67.65";" 53.96";"*location_etats-unis";"2.046815e-13"
" 57";"  93";"61.29";" 52.65";"*pers_Clappier-Bernard";"3.994227e-13"
" 27";"  32";"84.38";" 50.51";"*date_1950-09-9";"1.184258e-12"
" 30";"  39";"76.92";" 46.47";"*date_1952-03-19";"9.286247e-12"
"129";" 292";"44.18";" 43.39";"*location_washington";"4.481074e-11"
" 26";"  36";"72.22";" 34.95";"*pers_Schneiter-Pierre";"3.389473e-09"
" 80";" 171";"46.78";" 31.86";"*location_bruxelles";"1.656872e-08"
" 25";"  36";"69.44";" 30.67";"*date_1949-10-30";"3.064175e-08"
" 23";"  32";"71.88";" 30.50";"*date_1950-10-14";"3.330642e-08"
" 23";"  32";"71.88";" 30.50";"*location_pentagone";"3.330642e-08"
" 48";"  92";"52.17";" 27.26";"*pers_Acheson-Dean";"1.776263e-07"
" 22";"  32";"68.75";" 26.29";"*date_1950-09-16";"2.942700e-07"
" 82";" 186";"44.09";" 25.52";"*location_strasbourg";"4.384543e-07"
"219";" 629";"34.82";" 20.34";"*location_allemagne";"6.490736e-06"
" 25";"  44";"56.82";" 18.09";"*location_berlin";"2.104729e-05"
" 20";"  35";"57.14";" 14.65";"*date_1952-02-01";"1.297438e-04"
" 20";"  35";"57.14";" 14.65";"*pers_Churchill-Sir-Winston-Leonard-Spencer";"1.297438e-04"
" 20";"  35";"57.14";" 14.65";"*pers_Harvey-Oliver-Charles";"1.297438e-04"
" 41";"  90";"45.56";" 13.92";"*date_1951-12-22";"1.908019e-04"
" 41";"  90";"45.56";" 13.92";"*location_maroc";"1.908019e-04"
" 35";"  79";"44.30";" 10.44";"*pers_Eden-Anthony";"1.231067e-03"
" 22";"  45";"48.89";"  9.65";"*pers_Hayter-Sir-William-Goodenough";"1.891658e-03"
" 24";"  51";"47.06";"  9.11";"*location_indochine";"2.538706e-03"
" 43";" 108";"39.81";"  7.52";"*location_ottawa";"6.098662e-03"
" 20";"  43";"46.51";"  7.21";"*pers_Plowden-Edwin-Noel";"7.256173e-03"
" 15";"  30";"50.00";"  7.09";"*location_russie";"7.765994e-03"
" 15";"  30";"50.00";"  7.09";"*location_pologne";"7.765994e-03"
" 15";"  30";"50.00";"  7.09";"*location_chine";"7.765994e-03"
" 15";"  30";"50.00";"  7.09";"*date_1952-07-9";"7.765994e-03"
" 15";"  30";"50.00";"  7.09";"*pers_De-Gasperi-Alcide";"7.765994e-03"
"  7";"  11";"63.64";"  6.81";"*date_1950-09-14";"9.039842e-03"
" 41";" 104";"39.42";"  6.74";"*pers_Bourgès-Manoury-Maurice";"9.415474e-03"
"322";"1055";"30.52";"  6.28";"*pers_Schuman-Robert";"1.219928e-02"
" 86";" 247";"34.82";"  6.01";"*pers_Hallstein-Walter";"1.420143e-02"
" 16";"  35";"45.71";"  5.34";"*location_norvège";"2.083446e-02"
" 16";"  35";"45.71";"  5.34";"*date_1953-05-9";"2.083446e-02"
" 16";"  35";"45.71";"  5.34";"*location_danemark";"2.083446e-02"
" 16";"  35";"45.71";"  5.34";"*location_quai-d-orsay";"2.083446e-02"
" 16";"  35";"45.71";"  5.34";"*location_afrique";"2.083446e-02"
" 16";"  35";"45.71";"  5.34";"*location_gênes";"2.083446e-02"
" 16";"  35";"45.71";"  5.34";"*location_suède";"2.083446e-02"
" 16";"  35";"45.71";"  5.34";"*location_suisse";"2.083446e-02"
" 16";"  35";"45.71";"  5.34";"*location_dakar";"2.083446e-02"
" 21";"  50";"42.00";"  4.76";"*pers_François-Poncet-André";"2.906553e-02"
"  8";"  15";"53.33";"  4.68";"*date_1950-05-07";"3.059976e-02"
" 50";" 139";"35.97";"  4.38";"*location_lisbonne";"3.637185e-02"
" 20";"  49";"40.82";"  3.89";"*date_1950-08-14";"4.843665e-02"
" 92";" 279";"32.97";"  3.57";"*pers_Adenauer-Konrad";"5.878703e-02"
"137";" 437";"31.35";"  2.66";"*location_benelux";"1.026812e-01"
"  2";"   3";"66.67";"  2.18";"*date_1953-02-10";"1.397063e-01"
"  2";"   3";"66.67";"  2.18";"*pers_Coppé-Albert";"1.397063e-01"
"  6";"  13";"46.15";"  2.06";"*pers_Valay-Gabriel";"1.512875e-01"
"  6";"  13";"46.15";"  2.06";"*date_1950-06-06";"1.512875e-01"
"**";"classe";"3";"**";"";""
"****";"409";"1792";"22.82";"****";""
"41";" 44";" 93.18";"126.77";"ressource";"2.088399e-29"
"39";" 43";" 90.70";"115.23";"financement";"7.018564e-27"
"55";" 76";" 72.37";"110.60";"production";"7.235147e-26"
"38";" 43";" 88.37";"107.47";"modernisation";"3.518596e-25"
"51";" 74";" 68.92";" 93.11";"marché";"4.950327e-22"
"37";" 45";" 82.22";" 92.46";"prix";"6.880216e-22"
"28";" 29";" 96.55";" 90.97";"caisse";"1.461503e-21"
"30";" 33";" 90.91";" 88.48";"investissement";"5.145794e-21"
"32";" 40";" 80.00";" 75.93";"activité";"2.935443e-18"
"39";" 56";" 69.64";" 71.94";"programme";"2.221335e-17"
"25";" 29";" 86.21";" 67.23";"période";"2.416110e-16"
"21";" 23";" 91.30";" 62.03";"crédit";"3.381917e-15"
"19";" 21";" 90.48";" 55.21";"dépense";"1.081791e-13"
"16";" 16";"100.00";" 54.59";"milliard";"1.484817e-13"
"22";" 27";" 81.48";" 53.55";"niveau";"2.524118e-13"
"24";" 31";" 77.42";" 53.38";"besoin";"2.747251e-13"
"15";" 15";"100.00";" 51.15";"commande";"8.559599e-13"
"24";" 32";" 75.00";" 50.36";"aide";"1.282236e-12"
"45";" 83";" 54.22";" 48.69";"base";"2.991723e-12"
"14";" 14";"100.00";" 47.71";"emprunt";"4.935076e-12"
"14";" 14";"100.00";" 47.71";"importation";"4.935076e-12"
"26";" 38";" 68.42";" 45.83";"année";"1.293023e-11"
"23";" 32";" 71.88";" 44.50";"financier";"2.537247e-11"
"34";" 58";" 58.62";" 43.61";"industrie";"4.017059e-11"
"12";" 12";"100.00";" 40.85";"main_d_oeuvre";"1.643253e-10"
"17";" 21";" 80.95";" 40.76";"fonds";"1.719831e-10"
"32";" 55";" 58.18";" 40.27";"entreprise";"2.208750e-10"
"13";" 14";" 92.86";" 39.29";"rythme";"3.654053e-10"
"11";" 11";"100.00";" 37.43";"reconstruction";"9.498051e-10"
"10";" 10";"100.00";" 34.00";"réduction";"5.500073e-09"
"10";" 10";"100.00";" 34.00";"productivité";"5.500073e-09"
"10";" 10";"100.00";" 34.00";"financer";"5.500073e-09"
"10";" 10";"100.00";" 34.00";"accroissement";"5.500073e-09"
"11";" 12";" 91.67";" 32.50";"transport";"1.188897e-08"
"16";" 22";" 72.73";" 31.49";"atteindre";"2.004008e-08"
"13";" 16";" 81.25";" 31.29";"équipement";"2.225734e-08"
"15";" 20";" 75.00";" 31.26";"vie";"2.257402e-08"
" 9";"  9";"100.00";" 30.59";"épargner";"3.193280e-08"
"18";" 27";" 66.67";" 29.91";"pratique";"4.514196e-08"
"14";" 19";" 73.68";" 28.20";"finance";"1.093078e-07"
"14";" 19";" 73.68";" 28.20";"affecter";"1.093078e-07"
"12";" 15";" 80.00";" 28.07";"concurrence";"1.167611e-07"
"30";" 59";" 50.85";" 27.20";"développement";"1.834169e-07"
" 8";"  8";"100.00";" 27.17";"réadaptation";"1.860723e-07"
" 8";"  8";"100.00";" 27.17";"augmentation";"1.860723e-07"
" 8";"  8";"100.00";" 27.17";"montant";"1.860723e-07"
" 9";" 10";" 90.00";" 25.76";"exportation";"3.860530e-07"
" 9";" 10";" 90.00";" 25.76";"utilisation";"3.860530e-07"
" 9";" 10";" 90.00";" 25.76";"prélèvement";"3.860530e-07"
"29";" 59";" 49.15";" 24.01";"assurer";"9.585140e-07"
"20";" 35";" 57.14";" 23.87";"charger";"1.031049e-06"
"15";" 23";" 65.22";" 23.77";"producteur";"1.084299e-06"
"15";" 23";" 65.22";" 23.77";"notamment";"1.084299e-06"
" 7";"  7";"100.00";" 23.76";"clef";"1.089711e-06"
" 7";"  7";"100.00";" 23.76";"électricité";"1.089711e-06"
" 7";"  7";"100.00";" 23.76";"pénurie";"1.089711e-06"
" 7";"  7";"100.00";" 23.76";"protection";"1.089711e-06"
" 7";"  7";"100.00";" 23.76";"extérieur";"1.089711e-06"
" 7";"  7";"100.00";" 23.76";"exploitation";"1.089711e-06"
" 7";"  7";"100.00";" 23.76";"contingent";"1.089711e-06"
" 8";"  9";" 88.89";" 22.41";"total";"2.198477e-06"
" 8";"  9";" 88.89";" 22.41";"salaire";"2.198477e-06"
"11";" 15";" 73.33";" 21.91";"travailleur";"2.858982e-06"
"11";" 15";" 73.33";" 21.91";"agricole";"2.858982e-06"
" 9";" 11";" 81.82";" 21.87";"charge";"2.919752e-06"
" 9";" 11";" 81.82";" 21.87";"budget";"2.919752e-06"
" 9";" 11";" 81.82";" 21.87";"tiers";"2.919752e-06"
" 6";"  6";"100.00";" 20.36";"emploi";"6.426877e-06"
" 6";"  6";"100.00";" 20.36";"affectation";"6.426877e-06"
"12";" 18";" 66.67";" 19.84";"relèvement";"8.410876e-06"
"38";" 91";" 41.76";" 19.51";"permettre";"9.993391e-06"
"11";" 16";" 68.75";" 19.33";"sécurité";"1.098693e-05"
" 7";"  8";" 87.50";" 19.08";"mécanique";"1.251321e-05"
" 7";"  8";" 87.50";" 19.08";"commissariat";"1.251321e-05"
" 7";"  8";" 87.50";" 19.08";"capital";"1.251321e-05"
" 9";" 12";" 75.00";" 18.67";"produit";"1.552941e-05"
" 8";" 10";" 80.00";" 18.66";"douane";"1.559377e-05"
" 8";" 10";" 80.00";" 18.66";"comporter";"1.559377e-05"
" 8";" 10";" 80.00";" 18.66";"balancer";"1.559377e-05"
" 8";" 10";" 80.00";" 18.66";"accroître";"1.559377e-05"
"22";" 45";" 48.89";" 17.80";"prévoir";"2.449016e-05"
"12";" 19";" 63.16";" 17.74";"matériel";"2.537491e-05"
" 5";"  5";"100.00";" 16.95";"déficit";"3.828855e-05"
" 5";"  5";"100.00";" 16.95";"baisser";"3.828855e-05"
" 5";"  5";"100.00";" 16.95";"élevé";"3.828855e-05"
" 5";"  5";"100.00";" 16.95";"sncf";"3.828855e-05"
" 5";"  5";"100.00";" 16.95";"protéger";"3.828855e-05"
" 5";"  5";"100.00";" 16.95";"procurer";"3.828855e-05"
" 5";"  5";"100.00";" 16.95";"paiement";"3.828855e-05"
" 5";"  5";"100.00";" 16.95";"moderne";"3.828855e-05"
" 5";"  5";"100.00";" 16.95";"discriminatoires";"3.828855e-05"
" 5";"  5";"100.00";" 16.95";"abaisser";"3.828855e-05"
"30";" 70";" 42.86";" 16.60";"possible";"4.620852e-05"
"10";" 15";" 66.67";" 16.51";"long";"4.846608e-05"
"10";" 15";" 66.67";" 16.51";"charbonnage";"4.846608e-05"
"16";" 30";" 53.33";" 16.12";"exécution";"5.934349e-05"
" 9";" 13";" 69.23";" 16.01";"transformation";"6.299209e-05"
" 9";" 13";" 69.23";" 16.01";"sauvegarde";"6.299209e-05"
" 9";" 13";" 69.23";" 16.01";"revenir";"6.299209e-05"
"12";" 20";" 60.00";" 15.87";"approvisionnement";"6.785733e-05"
" 6";"  7";" 85.71";" 15.78";"pratiquement";"7.116000e-05"
" 6";"  7";" 85.71";" 15.78";"débouché";"7.116000e-05"
" 6";"  7";" 85.71";" 15.78";"différence";"7.116000e-05"
" 8";" 11";" 72.73";" 15.65";"transition";"7.628971e-05"
" 7";"  9";" 77.78";" 15.51";"procédé";"8.215003e-05"
"13";" 23";" 56.52";" 15.02";"progrès";"1.063605e-04"
"10";" 16";" 62.50";" 14.43";"opération";"1.456143e-04"
" 9";" 14";" 64.29";" 13.77";"etc";"2.064961e-04"
" 9";" 14";" 64.29";" 13.77";"marshall";"2.064961e-04"
"13";" 24";" 54.17";" 13.57";"unique";"2.302163e-04"
" 4";"  4";"100.00";" 13.56";"ministère";"2.315585e-04"
" 4";"  4";"100.00";" 13.56";"subvention";"2.315585e-04"
" 4";"  4";"100.00";" 13.56";"stable";"2.315585e-04"
" 4";"  4";"100.00";" 13.56";"spécialement";"2.315585e-04"
" 4";"  4";"100.00";" 13.56";"sidérurgies";"2.315585e-04"
" 4";"  4";"100.00";" 13.56";"sain";"2.315585e-04"
" 4";"  4";"100.00";" 13.56";"quart";"2.315585e-04"
" 4";"  4";"100.00";" 13.56";"productif";"2.315585e-04"
" 4";"  4";"100.00";" 13.56";"placement";"2.315585e-04"
" 4";"  4";"100.00";" 13.56";"outillage";"2.315585e-04"
" 4";"  4";"100.00";" 13.56";"mécanisme";"2.315585e-04"
" 4";"  4";"100.00";" 13.56";"légitime";"2.315585e-04"
" 4";"  4";"100.00";" 13.56";"extraordinaire";"2.315585e-04"
" 4";"  4";"100.00";" 13.56";"excédent";"2.315585e-04"
" 4";"  4";"100.00";" 13.56";"dumping";"2.315585e-04"
" 4";"  4";"100.00";" 13.56";"deuxième";"2.315585e-04"
" 4";"  4";"100.00";" 13.56";"coûteux";"2.315585e-04"
" 4";"  4";"100.00";" 13.56";"continuité";"2.315585e-04"
" 4";"  4";"100.00";" 13.56";"ciment";"2.315585e-04"
" 4";"  4";"100.00";" 13.56";"abaissement";"2.315585e-04"
" 7";" 10";" 70.00";" 12.71";"contrepartie";"3.644816e-04"
" 7";" 10";" 70.00";" 12.71";"expansion";"3.644816e-04"
" 7";" 10";" 70.00";" 12.71";"autonome";"3.644816e-04"
" 5";"  6";" 83.33";" 12.51";"trésor";"4.039651e-04"
" 5";"  6";" 83.33";" 12.51";"largement";"4.039651e-04"
" 5";"  6";" 83.33";" 12.51";"importateur";"4.039651e-04"
" 5";"  6";" 83.33";" 12.51";"dépasser";"4.039651e-04"
" 5";"  6";" 83.33";" 12.51";"concurrent";"4.039651e-04"
" 5";"  6";" 83.33";" 12.51";"commander";"4.039651e-04"
"17";" 36";" 47.22";" 12.42";"réaliser";"4.257150e-04"
" 6";"  8";" 75.00";" 12.42";"bas";"4.248300e-04"
" 6";"  8";" 75.00";" 12.42";"dollar";"4.248300e-04"
" 6";"  8";" 75.00";" 12.42";"capacité";"4.248300e-04"
" 9";" 15";" 60.00";" 11.87";"information";"5.708319e-04"
" 9";" 15";" 60.00";" 11.87";"dépendre";"5.708319e-04"
"20";" 46";" 43.48";" 11.43";"moyen";"7.209438e-04"
" 8";" 13";" 61.54";" 11.14";"indochine";"8.436353e-04"
" 8";" 13";" 61.54";" 11.14";"administration";"8.436353e-04"
" 7";" 11";" 63.64";" 10.47";"péréquation";"1.215802e-03"
" 9";" 16";" 56.25";" 10.24";"faciliter";"1.373868e-03"
" 3";"  3";"100.00";" 10.16";"argent";"1.434222e-03"
" 3";"  3";"100.00";" 10.16";"franc";"1.434222e-03"
" 3";"  3";"100.00";" 10.16";"devise";"1.434222e-03"
" 3";"  3";"100.00";" 10.16";"énergie";"1.434222e-03"
" 3";"  3";"100.00";" 10.16";"variété";"1.434222e-03"
" 3";"  3";"100.00";" 10.16";"supprimer";"1.434222e-03"
" 3";"  3";"100.00";" 10.16";"sinistré";"1.434222e-03"
" 3";"  3";"100.00";" 10.16";"satisfaire";"1.434222e-03"
" 3";"  3";"100.00";" 10.16";"payer";"1.434222e-03"
" 3";"  3";"100.00";" 10.16";"ordinaire";"1.434222e-03"
" 3";"  3";"100.00";" 10.16";"offshore";"1.434222e-03"
" 3";"  3";"100.00";" 10.16";"nancière";"1.434222e-03"
" 3";"  3";"100.00";" 10.16";"machine";"1.434222e-03"
" 3";"  3";"100.00";" 10.16";"irréversible";"1.434222e-03"
" 3";"  3";"100.00";" 10.16";"exportateur";"1.434222e-03"
" 3";"  3";"100.00";" 10.16";"déplacement";"1.434222e-03"
" 3";"  3";"100.00";" 10.16";"dépenser";"1.434222e-03"
" 3";"  3";"100.00";" 10.16";"coût";"1.434222e-03"
" 3";"  3";"100.00";" 10.16";"coordonner";"1.434222e-03"
" 3";"  3";"100.00";" 10.16";"contrevaleur";"1.434222e-03"
" 3";"  3";"100.00";" 10.16";"combler";"1.434222e-03"
" 3";"  3";"100.00";" 10.16";"cloisonnement";"1.434222e-03"
" 3";"  3";"100.00";" 10.16";"bâtiment";"1.434222e-03"
" 3";"  3";"100.00";" 10.16";"amélioration";"1.434222e-03"
" 6";"  9";" 66.67";"  9.87";"utilisateur";"1.679059e-03"
" 6";"  9";" 66.67";"  9.87";"intérieur";"1.679059e-03"
" 8";" 14";" 57.14";"  9.43";"utiliser";"2.128903e-03"
" 5";"  7";" 71.43";"  9.43";"suffire";"2.140286e-03"
" 5";"  7";" 71.43";"  9.43";"recueillir";"2.140286e-03"
"11";" 22";" 50.00";"  9.34";"disposer";"2.243293e-03"
" 4";"  5";" 80.00";"  9.31";"égal";"2.284484e-03"
" 4";"  5";" 80.00";"  9.31";"valeur";"2.284484e-03"
" 4";"  5";" 80.00";"  9.31";"simultanément";"2.284484e-03"
" 4";"  5";" 80.00";"  9.31";"local";"2.284484e-03"
" 4";"  5";" 80.00";"  9.31";"frais";"2.284484e-03"
" 4";"  5";" 80.00";"  9.31";"disponible";"2.284484e-03"
" 4";"  5";" 80.00";"  9.31";"bénéficier";"2.284484e-03"
" 4";"  5";" 80.00";"  9.31";"agriculture";"2.284484e-03"
"15";" 34";" 44.12";"  8.92";"technique";"2.818182e-03"
"57";"180";" 31.67";"  8.88";"pays";"2.877860e-03"
" 9";" 17";" 52.94";"  8.84";"économie";"2.950111e-03"
" 9";" 17";" 52.94";"  8.84";"fournir";"2.950111e-03"
" 9";" 17";" 52.94";"  8.84";"fondamental";"2.950111e-03"
" 7";" 12";" 58.33";"  8.65";"tonne";"3.273940e-03"
" 7";" 12";" 58.33";"  8.65";"réserve";"3.273940e-03"
" 7";" 12";" 58.33";"  8.65";"servir";"3.273940e-03"
"10";" 20";" 50.00";"  8.48";"droit";"3.589917e-03"
"10";" 20";" 50.00";"  8.48";"passer";"3.589917e-03"
"47";"145";" 32.41";"  8.24";"charbon";"4.103502e-03"
" 8";" 15";" 53.33";"  7.99";"aider";"4.694058e-03"
" 6";" 10";" 60.00";"  7.89";"équilibre";"4.970034e-03"
" 6";" 10";" 60.00";"  7.89";"priorité";"4.970034e-03"
" 6";" 10";" 60.00";"  7.89";"consultation";"4.970034e-03"
" 9";" 18";" 50.00";"  7.62";"répartition";"5.760420e-03"
" 9";" 18";" 50.00";"  7.62";"recommander";"5.760420e-03"
"15";" 36";" 41.67";"  7.41";"public";"6.502939e-03"
"12";" 27";" 44.44";"  7.27";"fois";"6.992256e-03"
" 5";"  8";" 62.50";"  7.18";"commissaire";"7.365116e-03"
" 5";"  8";" 62.50";"  7.18";"livraison";"7.365116e-03"
" 7";" 13";" 53.85";"  7.15";"crainte";"7.476924e-03"
" 9";" 19";" 47.37";"  6.57";"exiger";"1.038305e-02"
" 4";"  6";" 66.67";"  6.57";"extension";"1.037352e-02"
" 4";"  6";" 66.67";"  6.57";"secteur";"1.037352e-02"
" 4";"  6";" 66.67";"  6.57";"retard";"1.037352e-02"
" 4";"  6";" 66.67";"  6.57";"restrictif";"1.037352e-02"
" 4";"  6";" 66.67";"  6.57";"quantité";"1.037352e-02"
" 4";"  6";" 66.67";"  6.57";"population";"1.037352e-02"
" 4";"  6";" 66.67";"  6.57";"meilleur";"1.037352e-02"
" 4";"  6";" 66.67";"  6.57";"maximum";"1.037352e-02"
" 4";"  6";" 66.67";"  6.57";"exceptionnel";"1.037352e-02"
" 4";"  6";" 66.67";"  6.57";"dirigeant";"1.037352e-02"
" 4";"  6";" 66.67";"  6.57";"diminuer";"1.037352e-02"
"10";" 22";" 45.45";"  6.48";"belge";"1.093278e-02"
"11";" 25";" 44.00";"  6.45";"résulter";"1.106614e-02"
" 6";" 11";" 54.55";"  6.32";"belgique";"1.191920e-02"
" 3";"  4";" 75.00";"  6.20";"konzerns";"1.280427e-02"
" 3";"  4";" 75.00";"  6.20";"ancien";"1.280427e-02"
" 3";"  4";" 75.00";"  6.20";"totalité";"1.280427e-02"
" 3";"  4";" 75.00";"  6.20";"norme";"1.280427e-02"
" 3";"  4";" 75.00";"  6.20";"échelle";"1.280427e-02"
" 3";"  4";" 75.00";"  6.20";"urgence";"1.280427e-02"
" 3";"  4";" 75.00";"  6.20";"recette";"1.280427e-02"
" 3";"  4";" 75.00";"  6.20";"pousser";"1.280427e-02"
" 3";"  4";" 75.00";"  6.20";"jeu";"1.280427e-02"
" 3";"  4";" 75.00";"  6.20";"infrastructure";"1.280427e-02"
" 3";"  4";" 75.00";"  6.20";"déterminé";"1.280427e-02"
" 3";"  4";" 75.00";"  6.20";"banque";"1.280427e-02"
"14";" 35";" 40.00";"  5.98";"important";"1.447749e-02"
"14";" 35";" 40.00";"  5.98";"compte";"1.447749e-02"
"26";" 76";" 34.21";"  5.84";"condition";"1.564663e-02"
"12";" 29";" 41.38";"  5.76";"manière";"1.637725e-02"
"11";" 26";" 42.31";"  5.69";"seul";"1.710054e-02"
" 9";" 20";" 45.00";"  5.65";"cartel";"1.748568e-02"
" 5";"  9";" 55.56";"  5.50";"élimination";"1.899730e-02"
" 5";"  9";" 55.56";"  5.50";"produire";"1.899730e-02"
" 5";"  9";" 55.56";"  5.50";"nombreux";"1.899730e-02"
" 5";"  9";" 55.56";"  5.50";"intervention";"1.899730e-02"
"33";"103";" 32.04";"  5.27";"nécessaire";"2.171529e-02"
"19";" 53";" 35.85";"  5.26";"temps";"2.181480e-02"
" 7";" 15";" 46.67";"  4.88";"concentration";"2.713876e-02"
" 9";" 21";" 42.86";"  4.84";"étude";"2.778232e-02"
" 8";" 18";" 44.44";"  4.83";"différent";"2.804391e-02"
" 8";" 18";" 44.44";"  4.83";"maintenir";"2.804391e-02"
" 8";" 18";" 44.44";"  4.83";"face";"2.804391e-02"
" 4";"  7";" 57.14";"  4.70";"sage";"3.018072e-02"
" 4";"  7";" 57.14";"  4.70";"privé";"3.018072e-02"
" 4";"  7";" 57.14";"  4.70";"offrir";"3.018072e-02"
" 4";"  7";" 57.14";"  4.70";"étudier";"3.018072e-02"
" 4";"  7";" 57.14";"  4.70";"sorte";"3.018072e-02"
" 4";"  7";" 57.14";"  4.70";"proposé";"3.018072e-02"
" 4";"  7";" 57.14";"  4.70";"indépendance";"3.018072e-02"
" 4";"  7";" 57.14";"  4.70";"correspondant";"3.018072e-02"
" 4";"  7";" 57.14";"  4.70";"acquérir";"3.018072e-02"
"24";" 73";" 32.88";"  4.37";"général";"3.665699e-02"
"40";"133";" 30.08";"  4.29";"acier";"3.836491e-02"
"10";" 25";" 40.00";"  4.25";"résultat";"3.933084e-02"
"10";" 25";" 40.00";"  4.25";"nécessité";"3.933084e-02"
" 5";" 10";" 50.00";"  4.22";"tarif";"4.003480e-02"
" 5";" 10";" 50.00";"  4.22";"suppression";"4.003480e-02"
" 5";" 10";" 50.00";"  4.22";"supérieur";"4.003480e-02"
" 5";" 10";" 50.00";"  4.22";"limité";"4.003480e-02"
" 5";" 10";" 50.00";"  4.22";"entraîner";"4.003480e-02"
" 5";" 10";" 50.00";"  4.22";"couvrir";"4.003480e-02"
" 8";" 19";" 42.11";"  4.05";"contribuer";"4.408731e-02"
" 6";" 13";" 46.15";"  4.05";"fermer";"4.426479e-02"
" 3";"  5";" 60.00";"  3.93";"interdire";"4.731599e-02"
" 3";"  5";" 60.00";"  3.93";"soutien";"4.731599e-02"
" 3";"  5";" 60.00";"  3.93";"prêter";"4.731599e-02"
" 3";"  5";" 60.00";"  3.93";"plein";"4.731599e-02"
" 3";"  5";" 60.00";"  3.93";"marcher";"4.731599e-02"
" 3";"  5";" 60.00";"  3.93";"intéressé";"4.731599e-02"
" 3";"  5";" 60.00";"  3.93";"inscrire";"4.731599e-02"
" 3";"  5";" 60.00";"  3.93";"exception";"4.731599e-02"
" 3";"  5";" 60.00";"  3.93";"défaut";"4.731599e-02"
" 3";"  5";" 60.00";"  3.93";"améliorer";"4.731599e-02"
" 3";"  5";" 60.00";"  3.93";"administratif";"4.731599e-02"
" 9";" 23";" 39.13";"  3.52";"propre";"6.073272e-02"
"16";" 47";" 34.04";"  3.45";"contribution";"6.329682e-02"
"16";" 47";" 34.04";"  3.45";"indispensable";"6.329682e-02"
" 8";" 20";" 40.00";"  3.39";"limite";"6.568729e-02"
" 4";"  8";" 50.00";"  3.37";"tirer";"6.642013e-02"
" 4";"  8";" 50.00";"  3.37";"favorable";"6.642013e-02"
" 4";"  8";" 50.00";"  3.37";"existant";"6.642013e-02"
" 4";"  8";" 50.00";"  3.37";"entièrement";"6.642013e-02"
" 4";"  8";" 50.00";"  3.37";"côté";"6.642013e-02"
" 4";"  8";" 50.00";"  3.37";"coup";"6.642013e-02"
" 7";" 17";" 41.18";"  3.28";"mission";"7.004815e-02"
" 2";"  3";" 66.67";"  3.28";"comparable";"7.015919e-02"
" 2";"  3";" 66.67";"  3.28";"ériger";"7.015919e-02"
" 2";"  3";" 66.67";"  3.28";"écart";"7.015919e-02"
" 2";"  3";" 66.67";"  3.28";"travers";"7.015919e-02"
" 2";"  3";" 66.67";"  3.28";"traitement";"7.015919e-02"
" 2";"  3";" 66.67";"  3.28";"relais";"7.015919e-02"
" 2";"  3";" 66.67";"  3.28";"redressement";"7.015919e-02"
" 2";"  3";" 66.67";"  3.28";"quotidien";"7.015919e-02"
" 2";"  3";" 66.67";"  3.28";"précisément";"7.015919e-02"
" 2";"  3";" 66.67";"  3.28";"monétaire";"7.015919e-02"
" 2";"  3";" 66.67";"  3.28";"marchandise";"7.015919e-02"
" 2";"  3";" 66.67";"  3.28";"libération";"7.015919e-02"
" 2";"  3";" 66.67";"  3.28";"insuffisant";"7.015919e-02"
" 2";"  3";" 66.67";"  3.28";"inflation";"7.015919e-02"
" 2";"  3";" 66.67";"  3.28";"heurter";"7.015919e-02"
" 2";"  3";" 66.67";"  3.28";"habiliter";"7.015919e-02"
" 2";"  3";" 66.67";"  3.28";"graduel";"7.015919e-02"
" 2";"  3";" 66.67";"  3.28";"gouvernemental";"7.015919e-02"
" 2";"  3";" 66.67";"  3.28";"fur_et_à_mesure";"7.015919e-02"
" 2";"  3";" 66.67";"  3.28";"frontière";"7.015919e-02"
" 2";"  3";" 66.67";"  3.28";"fourniture";"7.015919e-02"
" 2";"  3";" 66.67";"  3.28";"fixation";"7.015919e-02"
" 2";"  3";" 66.67";"  3.28";"facilité";"7.015919e-02"
" 2";"  3";" 66.67";"  3.28";"exigence";"7.015919e-02"
" 2";"  3";" 66.67";"  3.28";"effectivement";"7.015919e-02"
" 2";"  3";" 66.67";"  3.28";"demeure";"7.015919e-02"
" 2";"  3";" 66.67";"  3.28";"contrôler";"7.015919e-02"
" 2";"  3";" 66.67";"  3.28";"confusion";"7.015919e-02"
" 2";"  3";" 66.67";"  3.28";"condamner";"7.015919e-02"
" 2";"  3";" 66.67";"  3.28";"commentaire";"7.015919e-02"
" 2";"  3";" 66.67";"  3.28";"collectivité";"7.015919e-02"
" 2";"  3";" 66.67";"  3.28";"circulation";"7.015919e-02"
" 2";"  3";" 66.67";"  3.28";"certitude";"7.015919e-02"
" 2";"  3";" 66.67";"  3.28";"budgétaire";"7.015919e-02"
" 2";"  3";" 66.67";"  3.28";"barrière";"7.015919e-02"
" 2";"  3";" 66.67";"  3.28";"autorisation";"7.015919e-02"
" 2";"  3";" 66.67";"  3.28";"adapter";"7.015919e-02"
" 2";"  3";" 66.67";"  3.28";"acte";"7.015919e-02"
" 5";" 11";" 45.45";"  3.22";"sidérurgique";"7.282785e-02"
" 6";" 14";" 42.86";"  3.21";"permanent";"7.296728e-02"
"24";" 77";" 31.17";"  3.18";"américain";"7.449849e-02"
" 9";" 24";" 37.50";"  2.97";"mois";"8.457945e-02"
"13";" 38";" 34.21";"  2.86";"objectif";"9.093212e-02"
"10";" 28";" 35.71";"  2.68";"montrer";"1.014028e-01"
"12";" 35";" 34.29";"  2.66";"engager";"1.027391e-01"
" 7";" 18";" 38.89";"  2.66";"ajouter";"1.026316e-01"
" 6";" 15";" 40.00";"  2.53";"volonté";"1.114475e-01"
" 6";" 15";" 40.00";"  2.53";"veiller";"1.114475e-01"
" 6";" 15";" 40.00";"  2.53";"supplémentaire";"1.114475e-01"
" 6";" 15";" 40.00";"  2.53";"expérience";"1.114475e-01"
" 3";"  6";" 50.00";"  2.52";"stabilité";"1.121131e-01"
" 3";"  6";" 50.00";"  2.52";"relever";"1.121131e-01"
" 3";"  6";" 50.00";"  2.52";"porte";"1.121131e-01"
" 3";"  6";" 50.00";"  2.52";"phase";"1.121131e-01"
" 3";"  6";" 50.00";"  2.52";"main";"1.121131e-01"
" 3";"  6";" 50.00";"  2.52";"liquidation";"1.121131e-01"
" 3";"  6";" 50.00";"  2.52";"fusion";"1.121131e-01"
" 3";"  6";" 50.00";"  2.52";"favoriser";"1.121131e-01"
" 3";"  6";" 50.00";"  2.52";"correspondre";"1.121131e-01"
" 3";"  6";" 50.00";"  2.52";"assigner";"1.121131e-01"
" 3";"  6";" 50.00";"  2.52";"ajustement";"1.121131e-01"
" 5";" 12";" 41.67";"  2.44";"difficile";"1.186407e-01"
" 4";"  9";" 44.44";"  2.40";"douanier";"1.212961e-01"
" 8";" 22";" 36.36";"  2.32";"établissement";"1.278667e-01"
" 8";" 22";" 36.36";"  2.32";"tâche";"1.278667e-01"
"18";" 58";" 31.03";"  2.29";"effort";"1.298628e-01"
" 7";" 19";" 36.84";"  2.14";"développer";"1.432718e-01"
"39";"141";" 27.66";"  2.03";"france";"1.540302e-01"
"*****";"*";"*";"*";"*";"*"
"253";" 827";" 30.59";"52.62";"des";"4.045344e-13"
" 14";"  16";" 87.50";"38.34";"quatre";"5.947408e-10"
"145";" 448";" 32.37";"30.88";"pour";"2.746249e-08"
" 10";"  13";" 76.92";"21.76";"1947";"3.092803e-06"
" 15";"  24";" 62.50";"21.74";"an";"3.122036e-06"
" 11";"  16";" 68.75";"19.33";"grâce";"1.098693e-05"
"  7";"   8";" 87.50";"19.08";"50";"1.251321e-05"
"205";" 741";" 27.67";"16.81";"d";"4.122725e-05"
"  6";"   8";" 75.00";"12.42";"environ";"4.248300e-04"
" 56";" 168";" 33.33";"11.62";"ces";"6.509260e-04"
" 18";"  40";" 45.00";"11.42";"1952";"7.254668e-04"
" 67";" 211";" 31.75";"10.83";"aux";"1.000258e-03"
"  7";"  11";" 63.64";"10.47";"million";"1.215802e-03"
"  9";"  16";" 56.25";"10.24";"1950";"1.373868e-03"
"  3";"   3";"100.00";"10.16";"100";"1.434222e-03"
" 10";"  19";" 52.63";" 9.69";"moins";"1.856047e-03"
" 10";"  20";" 50.00";" 8.48";"celui";"3.589917e-03"
" 11";"  24";" 45.83";" 7.31";"certaines";"6.850707e-03"
" 33";"  97";" 34.02";" 7.30";"dont";"6.898830e-03"
"196";" 755";" 25.96";" 7.29";"en";"6.945057e-03"
"  5";"   8";" 62.50";" 7.18";"loin";"7.365116e-03"
"  4";"   6";" 66.67";" 6.57";"chacune";"1.037352e-02"
"  4";"   6";" 66.67";" 6.57";"1946";"1.037352e-02"
" 37";" 114";" 32.46";" 6.41";"elle";"1.132913e-02"
"  3";"   4";" 75.00";" 6.20";"53";"1.280427e-02"
"232";" 922";" 25.16";" 5.90";"les";"1.515263e-02"
"  5";"   9";" 55.56";" 5.50";"malgré";"1.899730e-02"
"  5";"   9";" 55.56";" 5.50";"7";"1.899730e-02"
" 47";" 156";" 30.13";" 5.18";"plus";"2.290070e-02"
"  7";"  15";" 46.67";" 4.88";"or";"2.713876e-02"
"  8";"  18";" 44.44";" 4.83";"plusieurs";"2.804391e-02"
" 19";"  55";" 34.55";" 4.43";"six";"3.539364e-02"
" 91";" 336";" 27.08";" 4.26";"par";"3.902234e-02"
"  5";"  10";" 50.00";" 4.22";"tel";"4.003480e-02"
" 15";"  42";" 35.71";" 4.06";"outre";"4.398306e-02"
"  4";"   8";" 50.00";" 3.37";"1948";"6.642013e-02"
"  2";"   3";" 66.67";" 3.28";"f";"7.015919e-02"
" 15";"  44";" 34.09";" 3.25";"elles";"7.138037e-02"
"355";"1504";" 23.60";" 3.23";"de";"7.217586e-02"
" 32";" 108";" 29.63";" 3.02";"leur";"8.212954e-02"
" 32";" 109";" 29.36";" 2.81";"même";"9.349669e-02"
"  7";"  18";" 38.89";" 2.66";"celles";"1.026316e-01"
"  7";"  18";" 38.89";" 2.66";"chaque";"1.026316e-01"
"  7";"  18";" 38.89";" 2.66";"cependant";"1.026316e-01"
"  3";"   6";" 50.00";" 2.52";"000";"1.121131e-01"
"  5";"  12";" 41.67";" 2.44";"14";"1.186407e-01"
" 29";" 101";" 28.71";" 2.11";"sans";"1.465819e-01"
" 14";"  44";" 31.82";" 2.07";"toutes";"1.500500e-01"
"*";"*";"*";"*";"*";"*"
"100";" 109";"91.74";"312.96";"*date_1947-05-12";"4.937526e-70"
"112";" 178";"62.92";"180.39";"*location_la-havane";"3.974226e-41"
"112";" 195";"57.44";"148.82";"*date_1950-12-4";"3.141716e-34"
"117";" 210";"55.71";"146.09";"*location_pays-bas";"1.239625e-33"
"117";" 219";"53.42";"132.63";"*location_belgique";"1.087119e-30"
"131";" 289";"45.33";" 99.08";"*location_usa";"2.430166e-23"
"169";" 428";"39.49";" 88.63";"*location_grande-bretagne";"4.765974e-21"
"337";"1185";"28.44";" 62.62";"*location_france";"2.505284e-15"
" 28";"  39";"71.79";" 54.28";"*date_1948-06-25";"1.739391e-13"
"122";" 335";"36.42";" 43.23";"*location_luxembourg";"4.872065e-11"
" 16";"  21";"76.19";" 34.36";"*date_1949-04-09";"4.588108e-09"
" 39";"  82";"47.56";" 29.85";"*pers_Bidault-Georges";"4.660189e-08"
" 16";"  24";"66.67";" 26.55";"*pers_Queuille-Henri";"2.573446e-07"
" 64";" 166";"38.55";" 25.70";"*pers_Marshall-George-Catlett";"3.986913e-07"
"135";" 438";"30.82";" 21.05";"*location_italie";"4.467449e-06"
"196";" 691";"28.36";" 19.60";"*location_europe";"9.528017e-06"
"133";" 437";"30.43";" 19.01";"*location_benelux";"1.302564e-05"
"  9";"  16";"56.25";" 10.24";"*date_1952-02-18";"1.373868e-03"
" 73";" 240";"30.42";"  9.07";"*pers_Mayer-René";"2.598126e-03"
" 29";"  80";"36.25";"  8.57";"*pers_Ramadier-Paul";"3.417873e-03"
"145";" 535";"27.10";"  7.93";"*location_ruhr";"4.865741e-03"
" 31";"  90";"34.44";"  7.26";"*date_1951-12-22";"7.031998e-03"
" 31";"  90";"34.44";"  7.26";"*location_maroc";"7.031998e-03"
" 42";" 139";"30.22";"  4.67";"*location_lisbonne";"3.061001e-02"
" 32";" 104";"30.77";"  3.96";"*pers_Bourgès-Manoury-Maurice";"4.667341e-02"
" 33";" 108";"30.56";"  3.90";"*location_ottawa";"4.827128e-02"
"  7";"  17";"41.18";"  3.28";"*location_bordeaux";"7.004815e-02"
"  7";"  17";"41.18";"  3.28";"*date_1948-05-10";"7.004815e-02"
"**";"classe";"4";"**";"";""
"****";"400";"1792";"22.32";"****";""
"91";"108";" 84.26";"254.28";"président";"3.033001e-57"
"61";" 65";" 93.85";"199.00";"monnet";"3.455764e-45"
"46";" 49";" 93.88";"148.77";"cher";"3.224303e-34"
"45";" 49";" 91.84";"140.40";"jean";"2.173857e-32"
"53";" 67";" 79.10";"129.43";"conversation";"5.458449e-30"
"36";" 46";" 78.26";" 85.20";"lettre";"2.689930e-20"
"23";" 23";"100.00";" 81.08";"envoyer";"2.166907e-19"
"22";" 22";"100.00";" 77.51";"snyder";"1.319457e-18"
"50";" 82";" 60.98";" 74.05";"projet";"7.616045e-18"
"25";" 28";" 89.29";" 73.56";"observation";"9.746405e-18"
"40";" 60";" 66.67";" 70.41";"remettre";"4.826311e-17"
"17";" 17";"100.00";" 59.73";"copie";"1.089933e-14"
"23";" 29";" 79.31";" 55.21";"hallstein";"1.081516e-13"
"15";" 15";"100.00";" 52.64";"guindey";"4.005171e-13"
"21";" 26";" 80.77";" 51.98";"document";"5.607726e-13"
"21";" 27";" 77.78";" 48.62";"informer";"3.103046e-12"
"15";" 16";" 93.75";" 47.50";"prier";"5.487480e-12"
"16";" 18";" 88.89";" 46.47";"soir";"9.310825e-12"
"14";" 15";" 93.33";" 43.99";"herter";"3.295973e-11"
"15";" 17";" 88.24";" 43.00";"matin";"5.460024e-11"
"19";" 25";" 76.00";" 42.13";"expert";"8.528147e-11"
"12";" 12";"100.00";" 42.04";"midi";"8.935548e-11"
"12";" 12";"100.00";" 42.04";"dévoué";"8.935548e-11"
"12";" 12";"100.00";" 42.04";"collaborateur";"8.935548e-11"
"28";" 46";" 60.87";" 40.46";"réunion";"2.005939e-10"
"21";" 30";" 70.00";" 40.00";"convenir";"2.537639e-10"
"24";" 37";" 64.86";" 39.44";"mémorandum";"3.388056e-10"
"10";" 10";"100.00";" 35.00";"ration";"3.305045e-09"
"10";" 10";"100.00";" 35.00";"télégramme";"3.305045e-09"
"40";" 82";" 48.78";" 34.70";"cours";"3.853924e-09"
"11";" 12";" 91.67";" 33.50";"lundi";"7.108188e-09"
"11";" 12";" 91.67";" 33.50";"entretenir";"7.108188e-09"
"11";" 12";" 91.67";" 33.50";"agréer";"7.108188e-09"
" 9";"  9";"100.00";" 31.48";"hirsch";"2.017031e-08"
" 9";"  9";"100.00";" 31.48";"robert";"2.017031e-08"
" 9";"  9";"100.00";" 31.48";"rapporter";"2.017031e-08"
" 9";"  9";"100.00";" 31.48";"incident";"2.017031e-08"
" 9";"  9";"100.00";" 31.48";"assister";"2.017031e-08"
"17";" 25";" 68.00";" 30.51";"sentiment";"3.321372e-08"
"10";" 11";" 90.91";" 30.03";"ami";"4.257137e-08"
"10";" 11";" 90.91";" 30.03";"communiqué";"4.257137e-08"
"14";" 19";" 73.68";" 29.22";"discuter";"6.466155e-08"
"12";" 15";" 80.00";" 29.02";"reconnaissant";"7.151094e-08"
" 8";"  8";"100.00";" 27.96";"cordialement";"1.235397e-07"
" 8";"  8";"100.00";" 27.96";"bonnet";"1.235397e-07"
"18";" 29";" 62.07";" 26.86";"texte";"2.189153e-07"
" 9";" 10";" 90.00";" 26.56";"confidentiel";"2.548215e-07"
" 9";" 10";" 90.00";" 26.56";"communication";"2.548215e-07"
"10";" 12";" 83.33";" 25.94";"interministériel";"3.529016e-07"
"12";" 16";" 75.00";" 25.84";"transitoire";"3.712957e-07"
"36";" 79";" 45.57";" 25.76";"délégation";"3.864165e-07"
"11";" 14";" 78.57";" 25.75";"rédaction";"3.888791e-07"
"16";" 25";" 64.00";" 25.40";"pari";"4.657743e-07"
" 7";"  7";"100.00";" 24.46";"wehrer";"7.604495e-07"
" 7";"  7";"100.00";" 24.46";"fonctionnaire";"7.604495e-07"
" 7";"  7";"100.00";" 24.46";"communiquer";"7.604495e-07"
" 8";"  9";" 88.89";" 23.12";"heureux";"1.524435e-06"
" 9";" 11";" 81.82";" 22.60";"décembre";"1.999084e-06"
"51";"131";" 38.93";" 22.49";"question";"2.114716e-06"
"13";" 20";" 65.00";" 21.25";"modification";"4.037088e-06"
" 6";"  6";"100.00";" 20.95";"lucien";"4.713920e-06"
" 6";"  6";"100.00";" 20.95";"hubert";"4.713920e-06"
"12";" 18";" 66.67";" 20.62";"personnel";"5.595380e-06"
"16";" 28";" 57.14";" 19.89";"adresser";"8.196419e-06"
" 7";"  8";" 87.50";" 19.69";"remercier";"9.113317e-06"
" 7";"  8";" 87.50";" 19.69";"mardi";"9.113317e-06"
" 8";" 10";" 80.00";" 19.29";"profession";"1.120219e-05"
" 8";" 10";" 80.00";" 19.29";"allocation";"1.120219e-05"
" 8";" 10";" 80.00";" 19.29";"eden";"1.120219e-05"
"13";" 21";" 61.90";" 19.20";"parvenir";"1.176071e-05"
"15";" 26";" 57.69";" 19.04";"note";"1.282358e-05"
"16";" 29";" 55.17";" 18.35";"suite";"1.841405e-05"
"38";" 95";" 40.00";" 18.08";"ministre";"2.115718e-05"
"11";" 17";" 64.71";" 17.78";"chef";"2.477268e-05"
"23";" 49";" 46.94";" 17.61";"jour";"2.715254e-05"
"15";" 27";" 55.56";" 17.46";"exposer";"2.930561e-05"
" 5";"  5";"100.00";" 17.45";"saxon";"2.951684e-05"
" 5";"  5";"100.00";" 17.45";"professeur";"2.951684e-05"
" 5";"  5";"100.00";" 17.45";"jeudi";"2.951684e-05"
" 5";"  5";"100.00";" 17.45";"clappier";"2.951684e-05"
" 5";"  5";"100.00";" 17.45";"ambassadeur";"2.951684e-05"
" 5";"  5";"100.00";" 17.45";"ambassade";"2.951684e-05"
"10";" 15";" 66.67";" 17.16";"examen";"3.443447e-05"
" 9";" 13";" 69.23";" 16.62";"juin";"4.569472e-05"
" 9";" 13";" 69.23";" 16.62";"complet";"4.569472e-05"
"12";" 20";" 60.00";" 16.56";"expliquer";"4.712568e-05"
" 6";"  7";" 85.71";" 16.29";"reprendre";"5.442088e-05"
" 6";"  7";" 85.71";" 16.29";"présidence";"5.442088e-05"
"11";" 18";" 61.11";" 15.78";"assurance";"7.120654e-05"
"23";" 51";" 45.10";" 15.71";"conférence";"7.399080e-05"
"36";" 93";" 38.71";" 15.19";"comité";"9.701596e-05"
"19";" 40";" 47.50";" 14.96";"soumettre";"1.098721e-04"
"12";" 21";" 57.14";" 14.86";"semaine";"1.158138e-04"
" 4";"  4";"100.00";" 13.95";"exemplaire";"1.876237e-04"
" 4";"  4";"100.00";" 13.95";"éclaircissement";"1.876237e-04"
" 4";"  4";"100.00";" 13.95";"vendredi";"1.876237e-04"
" 4";"  4";"100.00";" 13.95";"sommaire";"1.876237e-04"
" 4";"  4";"100.00";" 13.95";"samedi";"1.876237e-04"
" 4";"  4";"100.00";" 13.95";"rédiger";"1.876237e-04"
" 4";"  4";"100.00";" 13.95";"refléter";"1.876237e-04"
" 4";"  4";"100.00";" 13.95";"pain";"1.876237e-04"
" 4";"  4";"100.00";" 13.95";"mollet";"1.876237e-04"
" 4";"  4";"100.00";" 13.95";"maurice";"1.876237e-04"
" 4";"  4";"100.00";" 13.95";"henri";"1.876237e-04"
" 4";"  4";"100.00";" 13.95";"h";"1.876237e-04"
" 4";"  4";"100.00";" 13.95";"guy";"1.876237e-04"
" 4";"  4";"100.00";" 13.95";"gramme";"1.876237e-04"
" 4";"  4";"100.00";" 13.95";"fidèlement";"1.876237e-04"
" 4";"  4";"100.00";" 13.95";"faux";"1.876237e-04"
" 4";"  4";"100.00";" 13.95";"corriger";"1.876237e-04"
" 4";"  4";"100.00";" 13.95";"busset";"1.876237e-04"
" 4";"  4";"100.00";" 13.95";"bourbon";"1.876237e-04"
" 4";"  4";"100.00";" 13.95";"accusation";"1.876237e-04"
"12";" 22";" 54.55";" 13.34";"répondre";"2.599407e-04"
"12";" 22";" 54.55";" 13.34";"adenauer";"2.599407e-04"
"23";" 54";" 42.59";" 13.20";"discussion";"2.806662e-04"
"10";" 17";" 58.82";" 13.19";"entretien";"2.816464e-04"
" 7";" 10";" 70.00";" 13.18";"consulter";"2.823203e-04"
"20";" 45";" 44.44";" 13.03";"dernier";"3.066454e-04"
" 5";"  6";" 83.33";" 12.92";"trésorerie";"3.243093e-04"
" 5";"  6";" 83.33";" 12.92";"bruce";"3.243093e-04"
" 9";" 15";" 60.00";" 12.39";"utile";"4.327208e-04"
" 9";" 15";" 60.00";" 12.39";"mccloy";"4.327208e-04"
"12";" 23";" 52.17";" 11.98";"sujet";"5.391888e-04"
" 8";" 13";" 61.54";" 11.62";"luxembourgeois";"6.541033e-04"
" 8";" 13";" 61.54";" 11.62";"courant";"6.541033e-04"
" 8";" 13";" 61.54";" 11.62";"connaissance";"6.541033e-04"
"10";" 18";" 55.56";" 11.58";"washington";"6.657545e-04"
"15";" 32";" 46.88";" 11.33";"étranger";"7.631685e-04"
" 7";" 11";" 63.64";" 10.90";"départ";"9.638440e-04"
" 7";" 11";" 63.64";" 10.90";"appartenir";"9.638440e-04"
"21";" 51";" 41.18";" 10.76";"tenir";"1.035385e-03"
" 3";"  3";"100.00";" 10.46";"mr";"1.221520e-03"
" 3";"  3";"100.00";" 10.46";"uri";"1.221520e-03"
" 3";"  3";"100.00";" 10.46";"téléphonique";"1.221520e-03"
" 3";"  3";"100.00";" 10.46";"séjour";"1.221520e-03"
" 3";"  3";"100.00";" 10.46";"schumann";"1.221520e-03"
" 3";"  3";"100.00";" 10.46";"relater";"1.221520e-03"
" 3";"  3";"100.00";" 10.46";"pinay";"1.221520e-03"
" 3";"  3";"100.00";" 10.46";"pierre";"1.221520e-03"
" 3";"  3";"100.00";" 10.46";"officiel";"1.221520e-03"
" 3";"  3";"100.00";" 10.46";"novembre";"1.221520e-03"
" 3";"  3";"100.00";" 10.46";"lire";"1.221520e-03"
" 3";"  3";"100.00";" 10.46";"henckes";"1.221520e-03"
" 3";"  3";"100.00";" 10.46";"amical";"1.221520e-03"
" 6";"  9";" 66.67";" 10.26";"soudure";"1.360283e-03"
" 6";"  9";" 66.67";" 10.26";"adresse";"1.360283e-03"
"11";" 22";" 50.00";"  9.84";"souhaiter";"1.706388e-03"
"19";" 46";" 41.30";"  9.81";"venir";"1.733836e-03"
" 5";"  7";" 71.43";"  9.77";"transmettre";"1.770151e-03"
" 5";"  7";" 71.43";"  9.77";"minute";"1.770151e-03"
" 5";"  7";" 71.43";"  9.77";"février";"1.770151e-03"
" 5";"  7";" 71.43";"  9.77";"considération";"1.770151e-03"
" 5";"  7";" 71.43";"  9.77";"auprès_de";"1.770151e-03"
" 4";"  5";" 80.00";"  9.62";"p";"1.924369e-03"
" 4";"  5";" 80.00";"  9.62";"officiellement";"1.924369e-03"
" 4";"  5";" 80.00";"  9.62";"séance";"1.924369e-03"
" 4";"  5";" 80.00";"  9.62";"strictement";"1.924369e-03"
" 4";"  5";" 80.00";"  9.62";"signer";"1.924369e-03"
" 4";"  5";" 80.00";"  9.62";"répéter";"1.924369e-03"
" 4";"  5";" 80.00";"  9.62";"mercredi";"1.924369e-03"
" 4";"  5";" 80.00";"  9.62";"conseiller";"1.924369e-03"
" 4";"  5";" 80.00";"  9.62";"compétent";"1.924369e-03"
" 4";"  5";" 80.00";"  9.62";"attlee";"1.924369e-03"
"14";" 31";" 45.16";"  9.49";"commission";"2.065017e-03"
"14";" 31";" 45.16";"  9.49";"chancelier";"2.065017e-03"
" 9";" 17";" 52.94";"  9.28";"examiner";"2.316138e-03"
" 8";" 15";" 53.33";"  8.39";"titre";"3.772366e-03"
" 8";" 15";" 53.33";"  8.39";"instruction";"3.772366e-03"
" 8";" 15";" 53.33";"  8.39";"espérer";"3.772366e-03"
"32";" 93";" 34.41";"  8.27";"demander";"4.041199e-03"
" 6";" 10";" 60.00";"  8.23";"secrétaire";"4.111923e-03"
"16";" 39";" 41.03";"  8.04";"affaire";"4.565262e-03"
"11";" 24";" 45.83";"  7.76";"recevoir";"5.354413e-03"
"25";" 70";" 35.71";"  7.54";"disposition";"6.048674e-03"
" 7";" 13";" 53.85";"  7.51";"honneur";"6.150780e-03"
" 5";"  8";" 62.50";"  7.48";"détail";"6.233002e-03"
" 5";"  8";" 62.50";"  7.48";"département";"6.233002e-03"
" 8";" 16";" 50.00";"  7.13";"immédiatement";"7.567320e-03"
" 9";" 19";" 47.37";"  6.95";"terminer";"8.390473e-03"
" 9";" 19";" 47.37";"  6.95";"préparer";"8.390473e-03"
" 4";"  6";" 66.67";"  6.83";"publier";"8.975150e-03"
" 4";"  6";" 66.67";"  6.83";"convoquer";"8.975150e-03"
" 4";"  6";" 66.67";"  6.83";"compter";"8.975150e-03"
" 4";"  6";" 66.67";"  6.83";"aussitôt";"8.975150e-03"
" 6";" 11";" 54.55";"  6.63";"heure";"1.003702e-02"
" 6";" 11";" 54.55";"  6.63";"bonn";"1.003702e-02"
" 3";"  4";" 75.00";"  6.42";"téléphone";"1.130864e-02"
" 3";"  4";" 75.00";"  6.42";"spierenburg";"1.130864e-02"
" 3";"  4";" 75.00";"  6.42";"souvenir";"1.130864e-02"
" 3";"  4";" 75.00";"  6.42";"sir";"1.130864e-02"
" 3";"  4";" 75.00";"  6.42";"préférer";"1.130864e-02"
" 3";"  4";" 75.00";"  6.42";"propos";"1.130864e-02"
" 3";"  4";" 75.00";"  6.42";"prochainement";"1.130864e-02"
" 3";"  4";" 75.00";"  6.42";"pelou";"1.130864e-02"
" 3";"  4";" 75.00";"  6.42";"observer";"1.130864e-02"
" 3";"  4";" 75.00";"  6.42";"obliger";"1.130864e-02"
" 3";"  4";" 75.00";"  6.42";"négocier";"1.130864e-02"
" 3";"  4";" 75.00";"  6.42";"ignorer";"1.130864e-02"
" 3";"  4";" 75.00";"  6.42";"guider";"1.130864e-02"
" 3";"  4";" 75.00";"  6.42";"diffusion";"1.130864e-02"
" 9";" 20";" 45.00";"  6.00";"partir";"1.431022e-02"
"20";" 56";" 35.71";"  5.98";"travail";"1.446918e-02"
"14";" 36";" 38.89";"  5.82";"réponse";"1.588341e-02"
" 5";"  9";" 55.56";"  5.76";"sûr";"1.637627e-02"
" 5";"  9";" 55.56";"  5.76";"saisir";"1.637627e-02"
"13";" 33";" 39.39";"  5.65";"prochain";"1.744123e-02"
"11";" 27";" 40.74";"  5.36";"connaître";"2.055775e-02"
" 6";" 12";" 50.00";"  5.34";"réserver";"2.086763e-02"
" 6";" 12";" 50.00";"  5.34";"juger";"2.086763e-02"
" 6";" 12";" 50.00";"  5.34";"désirer";"2.086763e-02"
" 6";" 12";" 50.00";"  5.34";"arrêter";"2.086763e-02"
" 9";" 21";" 42.86";"  5.17";"occasion";"2.300470e-02"
" 7";" 15";" 46.67";"  5.17";"parler";"2.297138e-02"
" 4";"  7";" 57.14";"  4.91";"blé";"2.663419e-02"
" 4";"  7";" 57.14";"  4.91";"mentionner";"2.663419e-02"
" 4";"  7";" 57.14";"  4.91";"ii";"2.663419e-02"
" 4";"  7";" 57.14";"  4.91";"directeur";"2.663419e-02"
" 4";"  7";" 57.14";"  4.91";"acheson";"2.663419e-02"
"15";" 42";" 35.71";"  4.45";"lieu";"3.491957e-02"
" 5";" 10";" 50.00";"  4.44";"portée";"3.504081e-02"
" 5";" 10";" 50.00";"  4.44";"naturellement";"3.504081e-02"
" 5";" 10";" 50.00";"  4.44";"concours";"3.504081e-02"
" 8";" 19";" 42.11";"  4.33";"réunir";"3.733828e-02"
" 6";" 13";" 46.15";"  4.29";"ligne";"3.834583e-02"
" 3";"  5";" 60.00";"  4.11";"congrès";"4.274800e-02"
" 3";"  5";" 60.00";"  4.11";"réaction";"4.274800e-02"
" 3";"  5";" 60.00";"  4.11";"qualité";"4.274800e-02"
" 3";"  5";" 60.00";"  4.11";"intérimaire";"4.274800e-02"
" 3";"  5";" 60.00";"  4.11";"approfondi";"4.274800e-02"
" 3";"  5";" 60.00";"  4.11";"accorder";"4.274800e-02"
" 8";" 20";" 40.00";"  3.65";"janvier";"5.621573e-02"
"29";" 96";" 30.21";"  3.64";"voir";"5.644329e-02"
"13";" 37";" 35.14";"  3.58";"penser";"5.856453e-02"
" 4";"  8";" 50.00";"  3.55";"septembre";"5.952524e-02"
" 7";" 17";" 41.18";"  3.52";"suggérer";"6.066872e-02"
" 5";" 11";" 45.45";"  3.42";"impossible";"6.456913e-02"
" 2";"  3";" 66.67";"  3.41";"hoffman";"6.487484e-02"
" 2";"  3";" 66.67";"  3.41";"dossier";"6.487484e-02"
" 2";"  3";" 66.67";"  3.41";"tomlinson";"6.487484e-02"
" 2";"  3";" 66.67";"  3.41";"résumé";"6.487484e-02"
" 2";"  3";" 66.67";"  3.41";"régulièrement";"6.487484e-02"
" 2";"  3";" 66.67";"  3.41";"référer";"6.487484e-02"
" 2";"  3";" 66.67";"  3.41";"retenir";"6.487484e-02"
" 2";"  3";" 66.67";"  3.41";"restreint";"6.487484e-02"
" 2";"  3";" 66.67";"  3.41";"quota";"6.487484e-02"
" 2";"  3";" 66.67";"  3.41";"longuement";"6.487484e-02"
" 2";"  3";" 66.67";"  3.41";"introduction";"6.487484e-02"
" 2";"  3";" 66.67";"  3.41";"intime";"6.487484e-02"
" 2";"  3";" 66.67";"  3.41";"incessamment";"6.487484e-02"
" 2";"  3";" 66.67";"  3.41";"gêner";"6.487484e-02"
" 2";"  3";" 66.67";"  3.41";"fond";"6.487484e-02"
" 2";"  3";" 66.67";"  3.41";"fidèle";"6.487484e-02"
" 2";"  3";" 66.67";"  3.41";"equipement";"6.487484e-02"
" 2";"  3";" 66.67";"  3.41";"dérouler";"6.487484e-02"
" 2";"  3";" 66.67";"  3.41";"correction";"6.487484e-02"
" 2";"  3";" 66.67";"  3.41";"convenu";"6.487484e-02"
" 2";"  3";" 66.67";"  3.41";"bowie";"6.487484e-02"
" 2";"  3";" 66.67";"  3.41";"bordeaux";"6.487484e-02"
" 2";"  3";" 66.67";"  3.41";"bloquer";"6.487484e-02"
" 8";" 21";" 38.10";"  3.05";"groupe";"8.077595e-02"
"20";" 65";" 30.77";"  2.78";"rapport";"9.568542e-02"
" 6";" 15";" 40.00";"  2.73";"grave";"9.869247e-02"
" 3";"  6";" 50.00";"  2.66";"contractuel";"1.029046e-01"
" 3";"  6";" 50.00";"  2.66";"éventuellement";"1.029046e-01"
" 3";"  6";" 50.00";"  2.66";"secrétariat";"1.029046e-01"
" 3";"  6";" 50.00";"  2.66";"iii";"1.029046e-01"
" 3";"  6";" 50.00";"  2.66";"entier";"1.029046e-01"
" 3";"  6";" 50.00";"  2.66";"considérer";"1.029046e-01"
" 3";"  6";" 50.00";"  2.66";"bruxelles";"1.029046e-01"
" 3";"  6";" 50.00";"  2.66";"apprécier";"1.029046e-01"
" 5";" 12";" 41.67";"  2.61";"tonne";"1.063594e-01"
" 5";" 12";" 41.67";"  2.61";"joint";"1.063594e-01"
" 5";" 12";" 41.67";"  2.61";"façon";"1.063594e-01"
" 4";"  9";" 44.44";"  2.55";"août";"1.100671e-01"
" 4";"  9";" 44.44";"  2.55";"accompagner";"1.100671e-01"
" 8";" 23";" 34.78";"  2.09";"cause";"1.485993e-01"
"20";" 68";" 29.41";"  2.05";"proposer";"1.522693e-01"
"11";" 34";" 32.35";"  2.01";"également";"1.561168e-01"
"*****";"*";"*";"*";"*";"*"
"178";"262";" 67.94";"368.29";"vous";"4.415037e-82"
"165";"275";" 60.00";"265.98";"je";"8.527808e-60"
"143";"219";" 65.30";"265.75";"m";"9.587466e-60"
" 84";"129";" 65.12";"146.82";"j";"8.577031e-34"
" 50";" 62";" 80.65";"125.99";"monsieur";"3.083632e-29"
" 59";" 84";" 70.24";"116.70";"mon";"3.335597e-27"
" 34";" 49";" 69.39";" 64.36";"ci_joint";"1.035004e-15"
"251";"835";" 30.06";" 54.00";"avoir";"2.004425e-13"
" 21";" 27";" 77.78";" 48.62";"mes";"3.103046e-12"
" 43";" 80";" 53.75";" 47.70";"me";"4.958042e-12"
" 36";" 62";" 58.06";" 47.32";"votre";"6.029465e-12"
" 40";" 73";" 54.79";" 46.28";"vouloir";"1.024174e-11"
" 39";" 76";" 51.32";" 38.48";"bien";"5.530985e-10"
"218";"738";" 29.54";" 37.70";"que";"8.247916e-10"
" 15";" 19";" 78.95";" 35.51";"hier";"2.533206e-09"
"  9";" 11";" 81.82";" 22.60";"mm";"1.999084e-06"
" 29";" 62";" 46.77";" 22.15";"croire";"2.525408e-06"
" 81";"240";" 33.75";" 20.87";"avec";"4.903533e-06"
" 15";" 25";" 60.00";" 20.76";"ma";"5.208533e-06"
" 20";" 39";" 51.28";" 19.28";"dire";"1.126041e-05"
"132";"446";" 29.60";" 18.12";"au";"2.069099e-05"
"  5";"  5";"100.00";" 17.45";"moi_même";"2.951684e-05"
"  5";"  5";"100.00";" 17.45";"250";"2.951684e-05"
"  9";" 13";" 69.23";" 16.62";"moi";"4.569472e-05"
" 11";" 18";" 61.11";" 15.78";"15";"7.120654e-05"
"  7";" 10";" 70.00";" 13.18";"demain";"2.823203e-04"
"  6";"  8";" 75.00";" 12.86";"22";"3.354845e-04"
" 23";" 55";" 41.82";" 12.44";"1";"4.203526e-04"
" 23";" 57";" 40.35";" 11.04";"savoir";"8.930636e-04"
"  7";" 11";" 63.64";" 10.90";"vos";"9.638440e-04"
"  3";"  3";"100.00";" 10.46";"g";"1.221520e-03"
"  3";"  3";"100.00";" 10.46";"52";"1.221520e-03"
" 33";" 93";" 35.48";"  9.80";"comme";"1.744022e-03"
"  5";"  7";" 71.43";"  9.77";"tiens";"1.770151e-03"
" 15";" 34";" 44.12";"  9.50";"déjà";"2.059291e-03"
" 22";" 57";" 38.60";"  8.99";"après";"2.709208e-03"
" 17";" 41";" 41.46";"  8.87";"afin";"2.903402e-03"
" 14";" 32";" 43.75";"  8.63";"aujourd_hui";"3.309323e-03"
" 81";"280";" 28.93";"  8.36";"ce";"3.846194e-03"
" 41";"126";" 32.54";"  8.16";"ainsi";"4.279174e-03"
" 21";" 56";" 37.50";"  7.68";"2";"5.580681e-03"
" 29";" 84";" 34.52";"  7.57";"lui";"5.940549e-03"
" 21";" 57";" 36.84";"  7.16";"très";"7.458088e-03"
"  4";"  6";" 66.67";"  6.83";"plupart";"8.975150e-03"
"  3";"  4";" 75.00";"  6.42";"toutefois";"1.130864e-02"
" 11";" 27";" 40.74";"  5.36";"4";"2.055775e-02"
"  9";" 21";" 42.86";"  5.17";"lors";"2.300470e-02"
"  4";"  7";" 57.14";"  4.91";"vous_même";"2.663419e-02"
"  4";"  7";" 57.14";"  4.91";"auquel";"2.663419e-02"
" 83";"311";" 26.69";"  4.14";"faire";"4.192331e-02"
"  3";"  5";" 60.00";"  4.11";"31";"4.274800e-02"
" 82";"308";" 26.62";"  3.97";"nous";"4.632496e-02"
" 23";" 73";" 31.51";"  3.70";"point";"5.431302e-02"
" 15";" 44";" 34.09";"  3.60";"avant";"5.765343e-02"
"  5";" 11";" 45.45";"  3.42";"11";"6.456913e-02"
"  2";"  3";" 66.67";"  3.41";"50000";"6.487484e-02"
"  2";"  3";" 66.67";"  3.41";"54";"6.487484e-02"
"  2";"  3";" 66.67";"  3.41";"assez";"6.487484e-02"
"  2";"  3";" 66.67";"  3.41";"45";"6.487484e-02"
"  3";"  6";" 50.00";"  2.66";"000";"1.029046e-01"
"  3";"  6";" 50.00";"  2.66";"ensuite";"1.029046e-01"
" 25";" 85";" 29.41";"  2.59";"nos";"1.077291e-01"
" 13";" 41";" 31.71";"  2.13";"encore";"1.442635e-01"
"*";"*";"*";"*";"*";"*"
" 42";"  54";" 77.78";"98.76";"*pers_Guindey-Guillaume";"2.856812e-23"
" 41";"  53";" 77.36";"95.41";"*pers_Snyder-John-Wesley";"1.546383e-22"
" 41";"  53";" 77.36";"95.41";"*pers_Herter-Christian-Archibald";"1.546383e-22"
"331";"1110";" 29.82";"94.58";"*pers_Monnet-Jean";"2.356365e-22"
" 60";"  96";" 62.50";"94.44";"*pers_Bonnet-Henri";"2.528246e-22"
" 37";"  49";" 75.51";"82.20";"*pers_Caffery-Jefferson";"1.232062e-19"
" 51";"  88";" 57.95";"67.77";"*pers_Mollet-Guy";"1.837527e-16"
"303";"1055";" 28.72";"60.58";"*pers_Schuman-Robert";"7.070824e-15"
" 30";"  42";" 71.43";"59.82";"*date_1947-10-02";"1.041678e-14"
" 30";"  42";" 71.43";"59.82";"*pers_Blum-Léon";"1.041678e-14"
" 30";"  42";" 71.43";"59.82";"*pers_MacChesney-Alfred-Brunson";"1.041678e-14"
" 30";"  42";" 71.43";"59.82";"*pers_Watts-Philip-H.";"1.041678e-14"
" 45";"  78";" 57.69";"58.84";"*pers_Denis-Pierre";"1.708214e-14"
" 29";"  42";" 69.05";"54.16";"*pers_Buron-Robert-Albert-Gaston";"1.851852e-13"
" 28";"  40";" 70.00";"53.64";"*pers_Petsche-Maurice";"2.408308e-13"
" 27";"  39";" 69.23";"50.60";"*pers_Bacon-Paul";"1.134764e-12"
" 42";"  80";" 52.50";"43.98";"*pers_Ramadier-Paul";"3.310086e-11"
" 12";"  12";"100.00";"42.04";"*date_1947-10-04";"8.935548e-11"
" 11";"  11";"100.00";"38.52";"*pers_Saxon-James-Joseph";"5.429471e-10"
" 11";"  11";"100.00";"38.52";"*pers_Gouin-Félix";"5.429471e-10"
" 11";"  11";"100.00";"38.52";"*pers_Auriol-Vincent";"5.429471e-10"
" 11";"  11";"100.00";"38.52";"*pers_Chauvel-Jean-Michel-Henri";"5.429471e-10"
" 11";"  11";"100.00";"38.52";"*pers_Teitgen-Pierre-Henri";"5.429471e-10"
" 70";" 172";" 40.70";"37.05";"*pers_Louvel-Jean-Marie";"1.148689e-09"
" 22";"  34";" 64.71";"35.91";"*pers_Blamont-Emile";"2.068857e-09"
"109";" 315";" 34.60";"33.25";"*location_paris";"8.112459e-09"
"  9";"   9";"100.00";"31.48";"*pers_Hommel-Nicolas";"2.017031e-08"
"  9";"   9";"100.00";"31.48";"*date_1950-11-28";"2.017031e-08"
"  9";"   9";"100.00";"31.48";"*pers_Henckes-J.B.";"2.017031e-08"
"101";" 292";" 34.59";"30.28";"*location_washington";"3.743574e-08"
" 65";" 166";" 39.16";"29.90";"*pers_Marshall-George-Catlett";"4.538221e-08"
" 11";"  13";" 84.62";"29.31";"*pers_Hubert-Lucien-Louis-Théodore";"6.176643e-08"
" 18";"  28";" 64.29";"28.89";"*pers_Bourbon-Busset-Jacques-Louis-Robert-Marie";"7.664327e-08"
" 17";"  26";" 65.38";"28.22";"*pers_Wehrer-Albert";"1.084518e-07"
" 49";" 117";" 41.88";"27.62";"*pers_Hirsch-Etienne";"1.478793e-07"
"129";" 406";" 31.77";"27.05";"*location_bonn";"1.985477e-07"
" 33";"  69";" 47.83";"26.92";"*pers_Aubrun-Jules";"2.117638e-07"
" 28";"  55";" 50.91";"26.74";"*pers_Faure-Edgar-Jean";"2.322083e-07"
" 16";"  25";" 64.00";"25.40";"*date_1951-01-6";"4.657743e-07"
"  7";"   7";"100.00";"24.46";"*pers_Thibodeaux-Ben.-H.";"7.604495e-07"
" 19";"  33";" 57.58";"24.10";"*date_1952-07-22";"9.153741e-07"
" 19";"  33";" 57.58";"24.10";"*pers_Uri-Pierre-Emmanuel";"9.153741e-07"
"  8";"   9";" 88.89";"23.12";"*date_1951-03-24";"1.524435e-06"
"  8";"   9";" 88.89";"23.12";"*pers_Reynaud-Paul";"1.524435e-06"
"  8";"   9";" 88.89";"23.12";"*pers_Philip-André";"1.524435e-06"
"  8";"   9";" 88.89";"23.12";"*pers_Bonnefous-Edouard";"1.524435e-06"
"  8";"   9";" 88.89";"23.12";"*pers_Henry-Pierre";"1.524435e-06"
"  8";"   9";" 88.89";"23.12";"*date_1950-08-15";"1.524435e-06"
" 12";"  17";" 70.59";"23.06";"*pers_Pilotti-Massimo";"1.570099e-06"
" 12";"  17";" 70.59";"23.06";"*pers_Quaroni-Pietro";"1.570099e-06"
" 12";"  17";" 70.59";"23.06";"*date_1948-05-7";"1.570099e-06"
" 17";"  32";" 53.12";"17.83";"*location_lorraine";"2.415296e-05"
" 17";"  32";" 53.12";"17.83";"*date_1950-11-13";"2.415296e-05"
" 64";" 186";" 34.41";"17.49";"*location_sarre";"2.891785e-05"
"  6";"   7";" 85.71";"16.29";"*date_1951-05-15";"5.442088e-05"
" 31";"  76";" 40.79";"15.61";"*pers_Aron-Alexis";"7.776781e-05"
"  9";"  14";" 64.29";"14.33";"*location_tunisie";"1.533347e-04"
"  9";"  14";" 64.29";"14.33";"*pers_Durand-André-Gaston";"1.533347e-04"
" 18";"  38";" 47.37";"14.05";"*pers_Spierenburg-Dirk-Pieter";"1.783091e-04"
" 18";"  38";" 47.37";"14.05";"*pers_Pinay-Antoine";"1.783091e-04"
"  5";"   6";" 83.33";"12.92";"*date_1951-05-18";"3.243093e-04"
"  5";"   6";" 83.33";"12.92";"*location_moselle";"3.243093e-04"
" 10";"  18";" 55.56";"11.58";"*pers_Massigli-René";"6.657545e-04"
" 10";"  18";" 55.56";"11.58";"*date_1950-06-14";"6.657545e-04"
" 10";"  18";" 55.56";"11.58";"*pers_Atlee-Clement";"6.657545e-04"
" 10";"  18";" 55.56";"11.58";"*pers_Strang-Sir-William";"6.657545e-04"
"  3";"   3";"100.00";"10.46";"*pers_Colin-André";"1.221520e-03"
"  3";"   3";"100.00";"10.46";"*date_1952-06-26";"1.221520e-03"
"  3";"   3";"100.00";"10.46";"*date_1952-07-10";"1.221520e-03"
"  3";"   3";"100.00";"10.46";"*date_1949-05-17";"1.221520e-03"
"  3";"   3";"100.00";"10.46";"*pers_Regan";"1.221520e-03"
"  3";"   3";"100.00";"10.46";"*pers_Mayer-Daniel";"1.221520e-03"
"  3";"   3";"100.00";"10.46";"*pers_Moch-Jules";"1.221520e-03"
"  6";"   9";" 66.67";"10.26";"*pers_Ségalat-André";"1.360283e-03"
" 11";"  22";" 50.00";" 9.84";"*date_1950-12-28";"1.706388e-03"
" 71";" 240";" 29.58";" 8.43";"*pers_Mayer-René";"3.694436e-03"
" 15";"  36";" 41.67";" 7.93";"*pers_Labbé-Roland-Georges-Joseph-Marie";"4.863762e-03"
" 15";"  36";" 41.67";" 7.93";"*pers_Ferry-Jacques";"4.863762e-03"
" 15";"  36";" 41.67";" 7.93";"*pers_Passe-Georges";"4.863762e-03"
" 15";"  36";" 41.67";" 7.93";"*date_1950-11-17";"4.863762e-03"
" 22";"  59";" 37.29";" 7.88";"*pers_Spaak-Paul-Henri";"4.993709e-03"
" 16";"  40";" 40.00";" 7.37";"*date_1951-02-3";"6.615366e-03"
"  2";"   2";"100.00";" 6.97";"*date_1950-12-3";"8.299056e-03"
"  2";"   2";"100.00";" 6.97";"*date_1951-12-12";"8.299056e-03"
"  4";"   6";" 66.67";" 6.83";"*pers_Pelou-Maurice";"8.975150e-03"
" 15";"  38";" 39.47";" 6.59";"*date_1948-04-18";"1.027055e-02"
" 15";"  38";" 39.47";" 6.59";"*pers_Hoffman-Paul-Gray";"1.027055e-02"
" 15";"  38";" 39.47";" 6.59";"*pers_Cripps-Sir-Stafford";"1.027055e-02"
" 15";"  38";" 39.47";" 6.59";"*pers_Jouhaux-Léon";"1.027055e-02"
" 15";"  38";" 39.47";" 6.59";"*location_californie";"1.027055e-02"
"  8";"  17";" 47.06";" 6.06";"*pers_Valéry-François";"1.384956e-02"
"  8";"  17";" 47.06";" 6.06";"*pers_Suetens-Max";"1.384956e-02"
"  8";"  17";" 47.06";" 6.06";"*pers_Charpentier-Pierre-Albert";"1.384956e-02"
"  8";"  17";" 47.06";" 6.06";"*pers_Poher-Alain-Emile-Louis-Marie";"1.384956e-02"
" 23";"  67";" 34.33";" 5.79";"*pers_Erhard-Ludwig";"1.614378e-02"
"  5";"   9";" 55.56";" 5.76";"*date_1951-01-27";"1.637627e-02"
" 21";"  60";" 35.00";" 5.76";"*pers_Bowie-Robert-Richardson";"1.644013e-02"
"  4";"   7";" 57.14";" 4.91";"*pers_Marjolin-Robert-Ernest";"2.663419e-02"
"  4";"   7";" 57.14";" 4.91";"*date_1952-10-17";"2.663419e-02"
"  8";"  19";" 42.11";" 4.33";"*pers_Tomlinson-William-Mahon";"3.733828e-02"
"  7";"  16";" 43.75";" 4.28";"*pers_Baraduc-Pierre-Jacques";"3.866753e-02"
"  7";"  16";" 43.75";" 4.28";"*date_1951-12-28";"3.866753e-02"
"  4";"   8";" 50.00";" 3.55";"*date_1952-01-25";"5.952524e-02"
"  4";"   8";" 50.00";" 3.55";"*pers_Ely-Paul-Henry-Romuald";"5.952524e-02"
"  7";"  17";" 41.18";" 3.52";"*location_bordeaux";"6.066872e-02"
"  7";"  17";" 41.18";" 3.52";"*date_1948-05-10";"6.066872e-02"
"  2";"   3";" 66.67";" 3.41";"*pers_Finet-Paul-C.E.";"6.487484e-02"
"  2";"   3";" 66.67";" 3.41";"*pers_Maud'Huy-Bertrand-de";"6.487484e-02"
"  2";"   3";" 66.67";" 3.41";"*date_1953-02-19";"6.487484e-02"
"  2";"   3";" 66.67";" 3.41";"*date_1950-11-10";"6.487484e-02"
"  2";"   3";" 66.67";" 3.41";"*date_1953-01-7";"6.487484e-02"
"  2";"   3";" 66.67";" 3.41";"*date_1952-12-01";"6.487484e-02"
"  3";"   6";" 50.00";" 2.66";"*date_1950-12-6";"1.029046e-01"
" 27";"  93";" 29.03";" 2.55";"*pers_Clappier-Bernard";"1.104515e-01"
" 72";" 279";" 25.81";" 2.31";"*pers_Adenauer-Konrad";"1.281575e-01"
" 64";" 247";" 25.91";" 2.13";"*pers_Hallstein-Walter";"1.445461e-01"
